[
  {
    "Id": "912756",
    "ThreadId": "395567",
    "Html": "\r\n<p>I need to return records where one of the record's&nbsp;datetime attribute's value is null. However, QueryByAttribute does not return the correct results. If I pass\r\n<span style=\"color:#0000ff\"><em>null</em></span> as the value, an exception is generated. If I pass\r\n<span style=\"color:#0000ff\">&quot;&quot; <span style=\"color:#000000\">or </span>&quot;null&quot; <span style=\"color:#000000\">\r\nor</span> &quot;NaN&quot;</span>&nbsp;as the value, no results are returned (because the attribute does not equal\r\n<span style=\"color:#0000ff\"><span style=\"color:#0000ff\">&quot;&quot; <span style=\"color:#000000\">\r\nor </span>&quot;null&quot; <span style=\"color:#000000\">or</span> &quot;NaN&quot;</span></span>).</p>\r\n<p>I also have a filtered view that uses the same parameters. Looking at the FetchXML for the view, I noticed that the value is not passed at all for a null datetime attribute; instead the operator is set to null.</p>\r\n<p><span style=\"font-family:Consolas; color:#0000ff; font-size:x-small\"><span style=\"font-family:Consolas; color:#0000ff; font-size:x-small\"><span style=\"font-family:Consolas; color:#0000ff; font-size:x-small\"><span style=\"font-family:Consolas; color:#0000ff; font-size:x-small\"><span style=\"font-family:Consolas; color:#0000ff; font-size:x-small\"><span style=\"font-family:Consolas; color:#0000ff; font-size:x-small\"><span style=\"font-family:Consolas; color:#0000ff; font-size:x-small\"><span style=\"font-family:Consolas; color:#0000ff; font-size:x-small\"><span style=\"font-family:Consolas; color:#0000ff; font-size:x-small\"><span style=\"font-family:Consolas; color:#0000ff; font-size:x-small\"><span style=\"font-family:Consolas; color:#0000ff; font-size:x-small\"><span style=\"font-family:Consolas; color:#0000ff; font-size:x-small\"><span style=\"font-family:Consolas; color:#0000ff; font-size:x-small\"><span style=\"font-family:Consolas; color:#0000ff; font-size:x-small\"><span style=\"font-family:Consolas; color:#0000ff; font-size:x-small\"><span style=\"font-family:Consolas; color:#0000ff; font-size:x-small\"></p>\r\n<p>&lt;<span style=\"font-family:Consolas; color:#a31515; font-size:x-small\"><span style=\"font-family:Consolas; color:#a31515; font-size:x-small\"><span style=\"font-family:Consolas; color:#a31515; font-size:x-small\">condition</span></span></span><span style=\"font-family:Consolas; color:#0000ff; font-size:x-small\"><span style=\"font-family:Consolas; color:#0000ff; font-size:x-small\"><span style=\"font-family:Consolas; color:#0000ff; font-size:x-small\">\r\n</span></span></span><span style=\"font-family:Consolas; color:#ff0000; font-size:x-small\"><span style=\"font-family:Consolas; color:#ff0000; font-size:x-small\"><span style=\"font-family:Consolas; color:#ff0000; font-size:x-small\">attribute</span></span></span><span style=\"font-family:Consolas; color:#0000ff; font-size:x-small\"><span style=\"font-family:Consolas; color:#0000ff; font-size:x-small\"><span style=\"font-family:Consolas; color:#0000ff; font-size:x-small\">=</span></span></span><span style=\"font-family:Consolas; font-size:x-small\"><span style=\"font-family:Consolas; font-size:x-small\">&quot;</span></span><span style=\"font-family:Consolas; color:#0000ff; font-size:x-small\"><span style=\"font-family:Consolas; color:#0000ff; font-size:x-small\"><span style=\"font-family:Consolas; color:#0000ff; font-size:x-small\">new_enddate</span></span></span><span style=\"font-family:Consolas; font-size:x-small\"><span style=\"font-family:Consolas; font-size:x-small\">&quot;</span></span><span style=\"font-family:Consolas; color:#0000ff; font-size:x-small\"><span style=\"font-family:Consolas; color:#0000ff; font-size:x-small\"><span style=\"font-family:Consolas; color:#0000ff; font-size:x-small\">\r\n</span></span></span><span style=\"font-family:Consolas; color:#ff0000; font-size:x-small\"><span style=\"font-family:Consolas; color:#ff0000; font-size:x-small\"><span style=\"font-family:Consolas; color:#ff0000; font-size:x-small\">operator</span></span></span><span style=\"font-family:Consolas; color:#0000ff; font-size:x-small\"><span style=\"font-family:Consolas; color:#0000ff; font-size:x-small\"><span style=\"font-family:Consolas; color:#0000ff; font-size:x-small\">=</span></span></span><span style=\"font-family:Consolas; font-size:x-small\"><span style=\"font-family:Consolas; font-size:x-small\">&quot;</span></span><span style=\"font-family:Consolas; color:#0000ff; font-size:x-small\"><span style=\"font-family:Consolas; color:#0000ff; font-size:x-small\"><span style=\"font-family:Consolas; color:#0000ff; font-size:x-small\">null</span></span></span><span style=\"font-family:Consolas; font-size:x-small\"><span style=\"font-family:Consolas; font-size:x-small\">&quot;</span></span><span style=\"font-family:Consolas; color:#0000ff; font-size:x-small\">\r\n<span style=\"font-family:Consolas; color:#0000ff; font-size:x-small\"><span style=\"font-family:Consolas; color:#0000ff; font-size:x-small\">/&gt;</span></span></span></p>\r\n</span></span></span></span></span></span></span></span></span></span></span></span></span></span></span></span>\r\n<p><strong><span style=\"color:#000000\">So how do I send null datetime values (operators) to the function?</span></strong></p>\r\n<p>Thanks,</p>\r\n<p>Dave</p>\r\n<p>&nbsp;</p>\r\n<p></p>\r\n",
    "PostedDate": "2012-09-14T09:06:18.513-07:00",
    "UserRole": null,
    "MarkedAsAnswerDate": null
  },
  {
    "Id": "913438",
    "ThreadId": "395567",
    "Html": "<p>Hi.</p>\r\n<p>By definition, QueryByAttribute</p>\r\n<div style=\"color: black; background-color: white;\">\r\n<pre>Retrieves instances of a specific entity type by specifying a set of attribute and value pairs. \r\n</pre>\r\n</div>\r\n<p>It only works for 'equal' parameter. I think you will need to use Fetch method to pass null value.</p>\r\n<p>Hope this helps.</p>\r\n<p>Jaimie</p>\r\n<p>&nbsp;</p>\r\n<p>&nbsp;</p>",
    "PostedDate": "2012-09-17T01:12:03.857-07:00",
    "UserRole": null,
    "MarkedAsAnswerDate": null
  }
]