[
  {
    "Id": "899315",
    "ThreadId": "391607",
    "Html": "\r\n<p>my project is to create a web resources that has related companies to the company entity</p>\r\n<p>i try to use tool kit with fetch in the web&nbsp;resources&nbsp;to get the data from the crm&nbsp;</p>\r\n<p>but it keep telling me XrmServiceToolkit is undefined</p>\r\n<p>i have a created a web resources which used the tool kit in the company form</p>\r\n<p>below is the web resources&nbsp;</p>\r\n<p>Thanks for all the help</p>\r\n<p></p>\r\n<div style=\"color:black; background-color:white\">\r\n<pre>&lt;HTML xmlns=<span style=\"color:#a31515\">&quot;http://www.w3.org/1999/xhtml&quot;</span>&gt;&lt;HEAD&gt;\r\n&lt;SCRIPT src=<span style=\"color:#a31515\">&quot;http://severname/organizationName/WebResources/tcp_XRMServiceToolkit.js&quot;</span>&gt;&lt;/SCRIPT&gt;\r\n\r\n&lt;SCRIPT&gt;\r\n<span style=\"color:blue\">var</span> LocationFetchXML = \r\n                <span style=\"color:#a31515\">&quot;&lt;fetch version='1.0' output-format='xml-platform' mapping='logical' distinct='false'&gt;&quot;</span>&#43;\r\n                    <span style=\"color:#a31515\">&quot;&lt;entity name='tcp_location'&gt;&quot;</span>&#43;\r\n                    <span style=\"color:#a31515\">&quot;&lt;attribute name='tcp_locationid' /&gt;&quot;</span>&#43;\r\n                    <span style=\"color:#a31515\">&quot;&lt;order attribute='tcp_name' descending='false' /&gt;&quot;</span>&#43;\r\n                    <span style=\"color:#a31515\">&quot;&lt;filter type='and'&gt;&quot;</span>&#43;\r\n                      <span style=\"color:#a31515\">&quot;&lt;condition attribute='statecode' operator='eq' value='0' /&gt;&quot;</span>&#43;\r\n                    <span style=\"color:#a31515\">&quot;&lt;/filter&gt;&quot;</span>&#43;\r\n                  <span style=\"color:#a31515\">&quot;&lt;/entity&gt;&quot;</span>&#43;\r\n                <span style=\"color:#a31515\">&quot;&lt;/fetch&gt;&quot;</span>;\r\n\r\n\r\n            <span style=\"color:blue\">var</span> retrievedLocations = XrmServiceToolkit.Soap.Fetch(LocationFetchXML);\r\n   &lt;/SCRIPT&gt;\r\n\r\n&lt;META charset=utf-8&gt;&lt;/HEAD&gt;\r\n&lt;BODY contentEditable=<span style=\"color:blue\">true</span>&gt;&lt;/BODY&gt;&lt;/HTML&gt;\r\n</pre>\r\n</div>\r\n<p></p>\r\n<p>but i keep getting error like&nbsp;</p>\r\n",
    "PostedDate": "2012-08-14T14:28:21.237-07:00",
    "UserRole": null,
    "MarkedAsAnswerDate": null
  },
  {
    "Id": "899321",
    "ThreadId": "391607",
    "Html": "\r\n<p>I have make some changes but now i still get&nbsp;</p>\r\n<p>Error: Context is not available.</p>\r\n<p>&nbsp;</p>\r\n<p>&nbsp;</p>\r\n<p>&nbsp;</p>\r\n<div style=\"color:black; background-color:white\">\r\n<pre>&lt;HTML xmlns=<span style=\"color:#a31515\">&quot;http://www.w3.org/1999/xhtml&quot;</span>&gt;&lt;HEAD&gt;\n\n&lt;SCRIPT type=text/javascript src=<span style=\"color:#a31515\">&quot;tcp_XRMServiceToolkit.js&quot;</span>&gt;&lt;/SCRIPT&gt;\n\n&lt;SCRIPT&gt;\n<span style=\"color:blue\">var</span> LocationFetchXML = \n                <span style=\"color:#a31515\">&quot;&lt;fetch version='1.0' output-format='xml-platform' mapping='logical' distinct='false'&gt;&quot;</span>&#43;\n                    <span style=\"color:#a31515\">&quot;&lt;entity name='tcp_location'&gt;&quot;</span>&#43;\n                    <span style=\"color:#a31515\">&quot;&lt;attribute name='tcp_locationid' /&gt;&quot;</span>&#43;\n                    <span style=\"color:#a31515\">&quot;&lt;order attribute='tcp_name' descending='false' /&gt;&quot;</span>&#43;\n                    <span style=\"color:#a31515\">&quot;&lt;filter type='and'&gt;&quot;</span>&#43;\n                      <span style=\"color:#a31515\">&quot;&lt;condition attribute='statecode' operator='eq' value='0' /&gt;&quot;</span>&#43;\n                    <span style=\"color:#a31515\">&quot;&lt;/filter&gt;&quot;</span>&#43;\n                  <span style=\"color:#a31515\">&quot;&lt;/entity&gt;&quot;</span>&#43;\n                <span style=\"color:#a31515\">&quot;&lt;/fetch&gt;&quot;</span>;\n\n\n            <span style=\"color:blue\">var</span> retrievedLocations = window.XrmServiceToolkit.Soap.Fetch(LocationFetchXML);\n   &lt;/SCRIPT&gt;\n\n&lt;META charset=utf-8&gt;&lt;/HEAD&gt;\n&lt;BODY contentEditable=<span style=\"color:blue\">true</span>&gt;\n&lt;SCRIPT type=text/javascript src=<span style=\"color:#a31515\">&quot;http://maps.gstatic.com/intl/en_us/mapfiles/api-3/9/13b/main.js&quot;</span>&gt;&lt;/SCRIPT&gt;\n\n&lt;SCRIPT type=text/javascript src=<span style=\"color:#a31515\">&quot;http://maps.gstatic.com/intl/en_us/mapfiles/api-3/9/13b/main.js&quot;</span>&gt;&lt;/SCRIPT&gt;\n\n&lt;SCRIPT type=text/javascript src=<span style=\"color:#a31515\">&quot;http://maps.gstatic.com/cat_js/intl/en_ALL/mapfiles/api-3/9/13b/%7Bmain,geometry%7D.js&quot;</span>&gt;&lt;/SCRIPT&gt;\n&lt;/BODY&gt;&lt;/HTML&gt;\n</pre>\r\n</div>\r\n",
    "PostedDate": "2012-08-14T14:46:02.897-07:00",
    "UserRole": null,
    "MarkedAsAnswerDate": null
  },
  {
    "Id": "899436",
    "ThreadId": "391607",
    "Html": "<p>Hi.</p>\r\n<p>When using html as a web resource, you will need to get several reference for the XRM objects. The details could be find in CRM 2011 SDK.</p>\r\n<p>Jaimie</p>\r\n<div style=\"color: black; background-color: white;\">\r\n<pre>&lt;script type=<span style=\"color: #a31515;\">\"text/javascript\"</span> src=<span style=\"color: #a31515;\">\"ClientGlobalContext.js.aspx\"</span>&gt;&lt;/script&gt;\r\n&lt;script type=<span style=\"color: #a31515;\">\"text/javascript\"</span> src=<span style=\"color: #a31515;\">\"tcp_json2\"</span>&gt;&lt;/script&gt;\r\n&lt;script type=<span style=\"color: #a31515;\">\"text/javascript\"</span> src=<span style=\"color: #a31515;\">\"tcp_jquery\"</span>&gt;&lt;/script&gt;\r\n&lt;script type=<span style=\"color: #a31515;\">\"text/javascript\"</span> src=<span style=\"color: #a31515;\">\"tcp_xrmservicetoolkit\"</span>&gt;&lt;/script&gt;\r\n\r\n</pre>\r\n</div>",
    "PostedDate": "2012-08-15T02:04:36.523-07:00",
    "UserRole": null,
    "MarkedAsAnswerDate": null
  }
]