[
  {
    "Id": "1261954",
    "ThreadId": "550347",
    "Html": "ISSUE #1 - error\r<br />\n<br />\n&lt;Message&gt;Object doesn't support property or method 'setDisabled'&lt;/Message&gt;\r<br />\n&lt;Line&gt;3552&lt;/Line&gt;\r<br />\n&lt;URL&gt;/%7B635398583230000581%7D/WebResources/mn_xrmservicetoolkit&lt;/URL&gt;\r<br />\n&lt;PageURL&gt;/main.aspx?etc=1&amp;extraqs=%3fetc%3d1%26id%3d%257b9FD78617-85FD-DF11-B5D5-0050569E228B%257d&amp;pagemode=iframe&amp;pagetype=entityrecord&lt;/PageURL&gt;\r<br />\n&lt;Function&gt;anonymousr:Objectdoesn'tsupportpropertyormethod'setDisabled'&lt;/Function&gt;\r<br />\n&lt;CallStack&gt;\r<br />\n&lt;Function&gt;anonymousr:Objectdoesn'tsupportpropertyormethod'setDisabled'&lt;/Function&gt;\r<br />\n&lt;/CallStack&gt;\r<br />\n<br />\n<br />\nXML Web Resource: mn_DependentOptionSetConfig\r<br />\n<br />\n&lt;DependentOptionSetConfig&gt;\r<br />\n&lt;entity name=&quot;account&quot;&gt;\r<br />\n&lt;ParentField id=&quot;accountcategorycode&quot; label=&quot;Category&quot;&gt;\r<br />\n &lt;DependentField id=&quot;mn_subcategory&quot; label=&quot;Sub Category&quot; /&gt;\r<br />\n &lt;Option value=&quot;3&quot; label=&quot;Channel Partner&quot;&gt;\r<br />\n   &lt;ShowOption value=&quot;1&quot; label=&quot;CSP&quot; /&gt;\r<br />\n   &lt;ShowOption value=&quot;2&quot; label=&quot;CSP 2-Tier&quot; /&gt;\r<br />\n   &lt;ShowOption value=&quot;3&quot; label=&quot;Distributor&quot; /&gt;\r<br />\n   &lt;ShowOption value=&quot;4&quot; label=&quot;LOA&quot; /&gt;\r<br />\n   &lt;ShowOption value=&quot;5&quot; label=&quot;PO Only&quot; /&gt;\r<br />\n   &lt;ShowOption value=&quot;8&quot; label=&quot;Mobile PO Only&quot; /&gt;\r<br />\n &lt;/Option&gt;\r<br />\n &lt;Option value=&quot;5&quot; label=&quot;End User&quot;&gt;\r<br />\n   &lt;ShowOption value=&quot;6&quot; label=&quot;Direct&quot; /&gt;\r<br />\n   &lt;ShowOption value=&quot;7&quot; label=&quot;Indirect&quot; /&gt;\r<br />\n &lt;/Option&gt;\r<br />\n &lt;Option value=&quot;200000&quot; label=&quot;Technology Partner&quot;&gt;\r<br />\n   &lt;ShowOption value=&quot;9&quot; label=&quot;Technology Partner&quot; /&gt;\r<br />\n &lt;/Option&gt;\r<br />\n&lt;/ParentField&gt;\r<br />\n&lt;/entity&gt;\r<br />\n&lt;/DependentOptionSetConfig&gt;\r<br />\n<br />\n<br />\nCall made in onload of account\r<br />\n<br />\nXrmServiceToolkit.Extension.JQueryXrmDependentOptionSet(&quot;mn_DependentOptionSetConfig&quot;);\r<br />\n<br />\nOn change method\r<br />\n<br />\nOnChangeAccountCategoryCode = function () {<br />\n<pre><code>try {\n    XrmServiceToolkit.Extension.JQueryXrmDependentOptionSet(&quot;mn_DependentOptionSetConfig&quot;);\n}\ncatch (err) {\n    alert(err.message);\n}</code></pre>\n\n};\r<br />\n<br />\nISSUE #2:\r<br />\n<br />\nI am see an extra dependent option called 'undefined', regardless of the value of the parent.\r<br />\n<br />\nWhere does the 'undefined' option come from?\r<br />\n<br />\nISSUE #3:\r<br />\n<br />\nThe dependency filtering seems to work. However, selecting a dependent option, then clicking save, then reloading the form, always results in the dependent option being empty.<br />\n",
    "PostedDate": "2014-07-02T06:27:07.027-07:00",
    "UserRole": null,
    "MarkedAsAnswerDate": null
  },
  {
    "Id": "1262285",
    "ThreadId": "550347",
    "Html": "Hi.\r<br />\n<br />\nCan you download the latest and try to see if it fixes some of the issues? There was an update to fix some issues with Extension methods.\r<br />\n<br />\nKind Regards,\r<br />\nJaimie<br />\n",
    "PostedDate": "2014-07-03T01:50:12.927-07:00",
    "UserRole": null,
    "MarkedAsAnswerDate": null
  },
  {
    "Id": "1262298",
    "ThreadId": "550347",
    "Html": "I'm sorry to report no change in the outcome.<br />\n<ul>\n<li>same 3 issues as described above.</li>\n<li>\nin case this matters, I am using jQuery 1.8.0<br />\n</li>\n</ul>\nSee below for full error information from CRM. \r<br />\n<br />\nMicrosoft Dynamics CRM Error Report Contents\r<br />\n<br />\n&lt;CrmScriptErrorReport&gt;\r<br />\n  &lt;ReportVersion&gt;1.0&lt;/ReportVersion&gt;\r<br />\n  &lt;ScriptErrorDetails&gt;\r<br />\n   &lt;Message&gt;Object doesn't support property or method 'setDisabled'&lt;/Message&gt;\r<br />\n   &lt;Line&gt;3554&lt;/Line&gt;\r<br />\n   &lt;URL&gt;/%7B635399770060000581%7D/WebResources/mn_xrmservicetoolkit&lt;/URL&gt;\r<br />\n   &lt;PageURL&gt;/main.aspx?etc=1&amp;extraqs=%3fetc%3d1%26id%3d%257b9FD78617-85FD-DF11-B5D5-0050569E228B%257d&amp;pagemode=iframe&amp;pagetype=entityrecord&lt;/PageURL&gt;\r<br />\n   &lt;Function&gt;anonymousr:Objectdoesn'tsupportpropertyormethod'setDisabled'&lt;/Function&gt;\r<br />\n   &lt;CallStack&gt;<br />\n<pre><code>&lt;Function&gt;anonymousr:Objectdoesn'tsupportpropertyormethod'setDisabled'&lt;/Function&gt;</code></pre>\n\n&lt;/CallStack&gt;\r<br />\n  &lt;/ScriptErrorDetails&gt;\r<br />\n  &lt;ClientInformation&gt;\r<br />\n   &lt;BrowserUserAgent&gt;Mozilla/5.0 (compatible; MSIE 10.0; Windows NT 6.3; WOW64; Trident/7.0; .NET4.0E; .NET4.0C; .NET CLR 3.5.30729; .NET CLR 2.0.50727; .NET CLR 3.0.30729)&lt;/BrowserUserAgent&gt;\r<br />\n   &lt;BrowserLanguage&gt;en-US&lt;/BrowserLanguage&gt;\r<br />\n   &lt;SystemLanguage&gt;en-US&lt;/SystemLanguage&gt;\r<br />\n   &lt;UserLanguage&gt;en-US&lt;/UserLanguage&gt;\r<br />\n   &lt;ScreenResolution&gt;1600x900&lt;/ScreenResolution&gt;\r<br />\n   &lt;ClientName&gt;Web&lt;/ClientName&gt;\r<br />\n   &lt;ClientTime&gt;2014-07-03T05:42:09&lt;/ClientTime&gt;\r<br />\n  &lt;/ClientInformation&gt;\r<br />\n  &lt;ServerInformation&gt;<br />\n<pre><code>&lt;OrgLanguage&gt;1033&lt;/OrgLanguage&gt;\n&lt;OrgCulture&gt;1033&lt;/OrgCulture&gt;\n&lt;UserLanguage&gt;1033&lt;/UserLanguage&gt;\n&lt;UserCulture&gt;1033&lt;/UserCulture&gt;\n&lt;OrgID&gt;{A3EEEBCA-FF75-4E70-82EA-40A1F578FCF8}&lt;/OrgID&gt;\n&lt;UserID&gt;{4359F98C-96F9-DF11-B5D5-0050569E228B}&lt;/UserID&gt;\n&lt;CRMVersion&gt;6.1.0.581&lt;/CRMVersion&gt;</code></pre>\n\n&lt;/ServerInformation&gt;\r<br />\n&lt;/CrmScriptErrorReport&gt;\r<br />\n<br />\n&lt;CrmScriptErrorReport&gt;\r<br />\n  &lt;ReportVersion&gt;1.0&lt;/ReportVersion&gt;\r<br />\n  &lt;ScriptErrorDetails&gt;\r<br />\n   &lt;Message&gt;Object doesn't support property or method 'setDisabled'&lt;/Message&gt;\r<br />\n   &lt;Line&gt;3554&lt;/Line&gt;\r<br />\n   &lt;URL&gt;/%7B635399770060000581%7D/WebResources/mn_xrmservicetoolkit&lt;/URL&gt;\r<br />\n   &lt;PageURL&gt;/main.aspx?etc=1&amp;extraqs=%3fetc%3d1%26id%3d%257b9FD78617-85FD-DF11-B5D5-0050569E228B%257d&amp;pagemode=iframe&amp;pagetype=entityrecord&lt;/PageURL&gt;\r<br />\n   &lt;Function&gt;anonymousr:Objectdoesn'tsupportpropertyormethod'setDisabled'&lt;/Function&gt;\r<br />\n   &lt;CallStack&gt;<br />\n<pre><code>&lt;Function&gt;anonymousr:Objectdoesn'tsupportpropertyormethod'setDisabled'&lt;/Function&gt;</code></pre>\n\n&lt;/CallStack&gt;\r<br />\n  &lt;/ScriptErrorDetails&gt;\r<br />\n  &lt;ClientInformation&gt;\r<br />\n   &lt;BrowserUserAgent&gt;Mozilla/5.0 (compatible; MSIE 10.0; Windows NT 6.3; WOW64; Trident/7.0; .NET4.0E; .NET4.0C; .NET CLR 3.5.30729; .NET CLR 2.0.50727; .NET CLR 3.0.30729)&lt;/BrowserUserAgent&gt;\r<br />\n   &lt;BrowserLanguage&gt;en-US&lt;/BrowserLanguage&gt;\r<br />\n   &lt;SystemLanguage&gt;en-US&lt;/SystemLanguage&gt;\r<br />\n   &lt;UserLanguage&gt;en-US&lt;/UserLanguage&gt;\r<br />\n   &lt;ScreenResolution&gt;1600x900&lt;/ScreenResolution&gt;\r<br />\n   &lt;ClientName&gt;Web&lt;/ClientName&gt;\r<br />\n   &lt;ClientTime&gt;2014-07-03T05:42:14&lt;/ClientTime&gt;\r<br />\n  &lt;/ClientInformation&gt;\r<br />\n  &lt;ServerInformation&gt;<br />\n<pre><code>&lt;OrgLanguage&gt;1033&lt;/OrgLanguage&gt;\n&lt;OrgCulture&gt;1033&lt;/OrgCulture&gt;\n&lt;UserLanguage&gt;1033&lt;/UserLanguage&gt;\n&lt;UserCulture&gt;1033&lt;/UserCulture&gt;\n&lt;OrgID&gt;{A3EEEBCA-FF75-4E70-82EA-40A1F578FCF8}&lt;/OrgID&gt;\n&lt;UserID&gt;{4359F98C-96F9-DF11-B5D5-0050569E228B}&lt;/UserID&gt;\n&lt;CRMVersion&gt;6.1.0.581&lt;/CRMVersion&gt;</code></pre>\n\n&lt;/ServerInformation&gt;\r<br />\n&lt;/CrmScriptErrorReport&gt;<br />\n",
    "PostedDate": "2014-07-03T02:44:53.32-07:00",
    "UserRole": null,
    "MarkedAsAnswerDate": null
  },
  {
    "Id": "1263232",
    "ThreadId": "550347",
    "Html": "Hi.\r<br />\n<br />\nCan you try the jQuery included in the project and see what the outcome is?\r<br />\n<br />\nKind Regards,\r<br />\nJaimie<br />\n",
    "PostedDate": "2014-07-07T05:01:14.98-07:00",
    "UserRole": null,
    "MarkedAsAnswerDate": null
  }
]