[
  {
    "Id": "1137608",
    "ThreadId": "474537",
    "Html": "Hi all! I'm looking for a cheat sheet for XrmServiceToolkit, anyone knows where can I found it??\r<br />\n<br />\nThanks!!<br />\n",
    "PostedDate": "2013-12-18T08:50:57.133-08:00",
    "UserRole": null,
    "MarkedAsAnswerDate": null
  },
  {
    "Id": "1170405",
    "ThreadId": "474537",
    "Html": "Hi There.\r<br />\n<br />\nThere is no cheat sheet for the library atm :) \r<br />\n<br />\nRegards\r<br />\nJaimie<br />\n",
    "PostedDate": "2014-01-16T03:18:44.863-08:00",
    "UserRole": null,
    "MarkedAsAnswerDate": null
  }
]