[
  {
    "Id": "940784",
    "ThreadId": "402988",
    "Html": "\r\n<div>\r\n<p>I am doing the following to create a new entity in CRM:</p>\r\n<div style=\"color:black; background-color:white\">\r\n<pre><span style=\"color:blue\">var</span> e = <span style=\"color:blue\">new</span> XrmServiceToolkit.Soap.BusinessEntity(<span style=\"color:#a31515\">'cvrm_servicebus'</span>);</pre>\r\n<pre>e.attributes[<span style=\"color:#a31515\">&quot;cvrm_requestname&quot;</span>] = requestName; </pre>\r\n<pre><span style=\"color:blue\">var</span> serviceId = XrmServiceToolkit.Soap.Create(e);</pre>\r\n</div>\r\n<p>And I get the following response ( which is ok and expected )</p>\r\n&lt;<span style=\"color:#a31515\">s</span><span style=\"color:blue\">:</span><span style=\"color:#a31515\">Envelope</span>\r\n<span style=\"color:red\">xmlns:s</span><span style=\"color:blue\">=</span><span style=\"color:black\">&quot;</span><span style=\"color:blue\">http://schemas.xmlsoap.org/soap/envelope/</span><span style=\"color:black\">&quot;</span><span style=\"color:blue\">&gt;</span>\r\n<pre><span style=\"color:blue\">&lt;</span><span style=\"color:#a31515\">s</span><span style=\"color:blue\">:</span><span style=\"color:#a31515\">Body</span><span style=\"color:blue\">&gt;</span></pre>\r\n<pre><span style=\"color:blue\">&lt;</span><span style=\"color:#a31515\">s</span><span style=\"color:blue\">:</span><span style=\"color:#a31515\">Fault</span><span style=\"color:blue\">&gt;</span></pre>\r\n<pre><span style=\"color:blue\">&lt;</span><span style=\"color:#a31515\">faultcode</span><span style=\"color:blue\">&gt;</span>s:Client<span style=\"color:blue\">&lt;/</span><span style=\"color:#a31515\">faultcode</span><span style=\"color:blue\">&gt;</span></pre>\r\n<pre><strong><span style=\"color:blue\">&lt;</span><span style=\"color:#a31515\">faultstring</span> <span style=\"color:red\">xml:lang</span><span style=\"color:blue\">=</span><span style=\"color:black\">&quot;</span><span style=\"color:blue\">de-DE</span><span style=\"color:black\">&quot;</span><span style=\"color:blue\">&gt;</span>Cannot insert duplicate key.<span style=\"color:blue\">&lt;/</span><span style=\"color:#a31515\">faultstring</span><span style=\"color:blue\">&gt;</span></strong></pre>\r\n<pre><span style=\"color:blue\">&lt;</span><span style=\"color:#a31515\">detail</span><span style=\"color:blue\">&gt;</span></pre>\r\n<pre><span style=\"color:blue\">&lt;</span><span style=\"color:#a31515\">OrganizationServiceFault</span> <span style=\"color:red\">xmlns</span><span style=\"color:blue\">=</span><span style=\"color:black\">&quot;</span><span style=\"color:blue\">http://schemas.microsoft.com/xrm/2011/Contracts</span><span style=\"color:black\">&quot;</span> <span style=\"color:red\">xmlns:i</span><span style=\"color:blue\">=</span><span style=\"color:black\">&quot;</span><span style=\"color:blue\">http://www.w3.org/2001/XMLSchema-instance</span><span style=\"color:black\">&quot;</span><span style=\"color:blue\">&gt;</span></pre>\r\n<pre><span style=\"color:blue\">&lt;</span><span style=\"color:#a31515\">ErrorCode</span><span style=\"color:blue\">&gt;</span>-2147220937<span style=\"color:blue\">&lt;/</span><span style=\"color:#a31515\">ErrorCode</span><span style=\"color:blue\">&gt;</span></pre>\r\n<pre><span style=\"color:blue\">&lt;</span><span style=\"color:#a31515\">ErrorDetails</span> <span style=\"color:red\">xmlns:a</span><span style=\"color:blue\">=</span><span style=\"color:black\">&quot;</span><span style=\"color:blue\">http://schemas.datacontract.org/2004/07/System.Collections.Generic</span><span style=\"color:black\">&quot;</span><span style=\"color:blue\">&gt;</span></pre>\r\n<pre><span style=\"color:blue\">&lt;</span><span style=\"color:#a31515\">KeyValuePairOfstringanyType</span><span style=\"color:blue\">&gt;</span></pre>\r\n<pre><span style=\"color:blue\">&lt;</span><span style=\"color:#a31515\">a</span><span style=\"color:blue\">:</span><span style=\"color:#a31515\">key</span><span style=\"color:blue\">&gt;</span>CallStack<span style=\"color:blue\">&lt;/</span><span style=\"color:#a31515\">a</span><span style=\"color:blue\">:</span><span style=\"color:#a31515\">key</span><span style=\"color:blue\">&gt;</span></pre>\r\n<pre><span style=\"color:blue\">&lt;</span><span style=\"color:#a31515\">a</span><span style=\"color:blue\">:</span><span style=\"color:#a31515\">value</span> <span style=\"color:red\">i:type</span><span style=\"color:blue\">=</span><span style=\"color:black\">&quot;</span><span style=\"color:blue\">b:string</span><span style=\"color:black\">&quot;</span> <span style=\"color:red\">xmlns:b</span><span style=\"color:blue\">=</span><span style=\"color:black\">&quot;</span><span style=\"color:blue\">http://www.w3.org/2001/XMLSchema</span><span style=\"color:black\">&quot;</span><span style=\"color:blue\">&gt;</span> </pre>\r\n<pre>at Microsoft.Crm.Extensibility.VersionedPluginProxyStepBase.Execute(PipelineExecutionContext context) </pre>\r\n<pre>at Microsoft.Crm.Extensibility.Pipeline.Execute(PipelineExecutionContext context) </pre>\r\n<pre>at Microsoft.Crm.Extensibility.MessageProcessor.Execute(PipelineExecutionContext context) at Microsoft.Crm.Extensibility.InternalMessageDispatcher.Execute(PipelineExecutionContext context)</pre>\r\n</div>\r\n<p>&nbsp;However the ServiceToolkit just response with serviceId=&quot;&quot; - no error message!</p>\r\n<p>Is that ok?</p>\r\n<p>I would expect an exception saying &quot;Cannot insert duplicate key&quot;!?</p>\r\n",
    "PostedDate": "2012-11-13T01:32:47.37-08:00",
    "UserRole": null,
    "MarkedAsAnswerDate": null
  },
  {
    "Id": "942578",
    "ThreadId": "402988",
    "Html": "\r\n<p>Hi There.</p>\r\n<p>This is definitely an area to improve for future versions.</p>\r\n<p>Thanks very much for the suggestion.</p>\r\n<p>Jaimie</p>\r\n",
    "PostedDate": "2012-11-16T00:56:32.17-08:00",
    "UserRole": null,
    "MarkedAsAnswerDate": null
  }
]