[
  {
    "Id": "893469",
    "ThreadId": "389671",
    "Html": "\r\n<p>Hi there,</p>\r\n<p>I need to code a way to insert data from a HTML form into MS Dynamics CRM Online. I'm a beginer on programming so I really appreciate any help on how to do this with your library.</p>\r\n<p>I understand that basically what I need is to create a js file that is called &quot;on click&quot; of the submit button of my HTML form. Then the js should:</p>\r\n<p>- Connect to the CRM</p>\r\n<p>- Create a new register on the &quot;lead&quot; database</p>\r\n<p>- Write each form item on each DB field.</p>\r\n<p>- Close the connection.</p>\r\n<p>Is that right?? Can you help me on how o do it???&nbsp;Thank you very much!!!!</p>\r\n<p>Jaume Hernandez</p>\r\n<p>&nbsp;</p>\r\n",
    "PostedDate": "2012-07-31T00:55:20.563-07:00",
    "UserRole": null,
    "MarkedAsAnswerDate": null
  },
  {
    "Id": "893584",
    "ThreadId": "389671",
    "Html": "<p>Hey There.</p>\r\n<p>The flow seems logical, but i am afraid i will not help you write the code.</p>\r\n<p>Your best starting point is to read through the topics related in CRM 2011 SDK and how CRM will work with html page, how to write javascript in crm 2011, and how to use html page in crm 2011, etc</p>\r\n<p>These topic in the SDK should give you some good starting point.</p>\r\n<p>Best Regards,</p>\r\n<p>Jaimie</p>",
    "PostedDate": "2012-07-31T05:20:05.917-07:00",
    "UserRole": null,
    "MarkedAsAnswerDate": null
  },
  {
    "Id": "893633",
    "ThreadId": "389671",
    "Html": "Hi jaimie,\r\n<div>Thank you very much for your mail. I understand that you are not going to write down the code with me ;-)</div>\r\n<div>I will follow your recomendations and try to see if I get a solution for this.</div>\r\n<div>Best regards</div>\r\n<div>Jaume</div>\r\n<div><br>\r\n<div>2012/7/31 jaimieji <span dir=\"ltr\">&lt;<a href=\"mailto:notifications@codeplex.com\" target=\"_blank\">notifications@codeplex.com</a>&gt;</span><br>\r\n<blockquote style=\"margin:0 0 0 .8ex; border-left:1px #ccc solid; padding-left:1ex\">\r\n<div>\r\n<p>From: jaimieji</p>\r\n<div>\r\n<p>Hey There.</p>\r\n<p>The flow seems logical, but i am afraid i will not help you write the code.</p>\r\n<p>Your best starting point is to read through the topics related in CRM 2011 SDK and how CRM will work with html page, how to write javascript in crm 2011, and how to use html page in crm 2011, etc</p>\r\n<p>These topic in the SDK should give you some good starting point.</p>\r\n<p>Best Regards,</p>\r\n<p>Jaimie</p>\r\n</div>\r\n<div>\r\n<p>Read the <a href=\"http://xrmservicetoolkit.codeplex.com/discussions/389671#post893584\" target=\"_blank\">\r\nfull discussion online</a>.</p>\r\n<p>To add a post to this discussion, reply to this email (<a href=\"mailto:xrmservicetoolkit@discussions.codeplex.com?subject=[xrmservicetoolkit:389671]\" target=\"_blank\">xrmservicetoolkit@discussions.codeplex.com</a>)</p>\r\n<p>To start a new discussion for this project, email <a href=\"mailto:xrmservicetoolkit@discussions.codeplex.com\" target=\"_blank\">\r\nxrmservicetoolkit@discussions.codeplex.com</a></p>\r\n<p>You are receiving this email because you subscribed to this discussion on CodePlex. You can\r\n<a href=\"https://xrmservicetoolkit.codeplex.com/discussions/389671/unsubscribe/\" target=\"_blank\">\r\nunsubscribe</a> on CodePlex.com.</p>\r\n<p>Please note: Images and attachments will be removed from emails. Any posts to this discussion will also be available online at CodePlex.com</p>\r\n</div>\r\n</div>\r\n</blockquote>\r\n</div>\r\n<br>\r\n</div>\r\n",
    "PostedDate": "2012-07-31T06:23:02.697-07:00",
    "UserRole": null,
    "MarkedAsAnswerDate": null
  }
]