[
  {
    "Id": "853131",
    "ThreadId": "360783",
    "Html": "\r\n<p>Hi ,</p>\r\n<p><span id=\"result_box\" lang=\"en\"><span>I can not</span> <span>convert</span> <span>\r\nthis request</span> <span>has :</span></span></p>\r\n<p><span lang=\"en\"><span></p>\r\n<div style=\"color:black; background-color:white\">\r\n<pre>    <span style=\"color:blue\">var</span> xml = <span style=\"color:#a31515\">&quot;&quot;</span> &#43;\r\n    <span style=\"color:#a31515\">&quot;&lt;?xml version=\\&quot;</span>1.0\\<span style=\"color:#a31515\">&quot; encoding=\\&quot;</span>utf-8\\<span style=\"color:#a31515\">&quot;?&gt;&quot;</span> &#43;\r\n    <span style=\"color:#a31515\">&quot;&lt;soap:Envelope xmlns:soap=\\'http://schemas.xmlsoap.org/soap/envelope/\\' xmlns:xsi=\\'http://www.w3.org/2001/XMLSchema-instance\\' xmlns:xsd=\\'http://www.w3.org/2001/XMLSchema\\'&gt;&quot;</span> &#43;\r\n    Xrm.Page.context.getAuthenticationHeader() &#43;\r\n    <span style=\"color:#a31515\">&quot;  &lt;soap:Body&gt;&quot;</span> &#43;\r\n    <span style=\"color:#a31515\">&quot;    &lt;Execute xmlns=\\'http://schemas.microsoft.com/crm/2007/WebServices\\'&gt;&quot;</span> &#43;\r\n    <span style=\"color:#a31515\">&quot;      &lt;Request xsi:type=\\&quot;</span>ExecuteWorkflowRequest\\<span style=\"color:#a31515\">&quot;&gt;&quot;</span> &#43;\r\n    <span style=\"color:#a31515\">&quot;        &lt;EntityId&gt;&quot;</span> &#43; entityId &#43; <span style=\"color:#a31515\">&quot;&lt;/EntityId&gt;&quot;</span> &#43;\r\n    <span style=\"color:#a31515\">&quot;        &lt;WorkflowId&gt;&quot;</span> &#43; workflowId &#43; <span style=\"color:#a31515\">&quot;&lt;/WorkflowId&gt;&quot;</span> &#43;\r\n    <span style=\"color:#a31515\">&quot;      &lt;/Request&gt;&quot;</span> &#43;\r\n    <span style=\"color:#a31515\">&quot;    &lt;/Execute&gt;&quot;</span> &#43;\r\n    <span style=\"color:#a31515\">&quot;  &lt;/soap:Body&gt;&quot;</span> &#43;\r\n    <span style=\"color:#a31515\">&quot;&lt;/soap:Envelope&gt;&quot;</span> &#43;\r\n    <span style=\"color:#a31515\">&quot;&quot;</span>;<br><br><span id=\"result_box\" lang=\"en\"><span>the example provided</span> <span>on the site</span> <span>does not help me .<br><br><br></span></span><span id=\"result_box\" lang=\"en\"><span>thank you</span> <span>for your help</span></span> <br></pre>\r\n</div>\r\n<br>\r\n</span></span>\r\n<p></p>\r\n",
    "PostedDate": "2012-06-25T02:04:57.08-07:00",
    "UserRole": null,
    "MarkedAsAnswerDate": null
  },
  {
    "Id": "853703",
    "ThreadId": "360783",
    "Html": "<p>Hey There.</p>\r\n<p>You will need to use the correct XML for CRM 2011 to execute a workflow. There are tools in SDK or codeplex to generate the right format XML for CRM 2011 soap request.</p>\r\n<p>Have a look at this link and it should help you to get the XML <a href=\"http://mileyja.blogspot.com/2011/06/execute-workflow-using-net-or-jscript.html\">http://mileyja.blogspot.com/2011/06/execute-workflow-using-net-or-jscript.html</a></p>\r\n<p>After that, use similar examples as the WhoAmI request to run XrmServiceToolkit.Soap.Execute method. I have just used the XML from the example and modified a bit without testing it. But i would recommend you read through the link and try to generate the request script yourself</p>\r\n<div style=\"color: black; background-color: white;\">\r\n<pre>  requestMain += <span style=\"color: #a31515;\">\"      &lt;request i:type=\\\"</span>b:ExecuteWorkflowRequest\\<span style=\"color: #a31515;\">\" xmlns:a=\\\"</span>http:<span style=\"color: green;\">//schemas.microsoft.com/xrm/2011/Contracts\\\" xmlns:b=\\\"http://schemas.microsoft.com/crm/2011/Contracts\\\"&gt;\";</span>\r\n  requestMain += <span style=\"color: #a31515;\">\"        &lt;a:Parameters xmlns:c=\\\"</span>http:<span style=\"color: green;\">//schemas.datacontract.org/2004/07/System.Collections.Generic\\\"&gt;\";</span>\r\n  requestMain += <span style=\"color: #a31515;\">\"          &lt;a:KeyValuePairOfstringanyType&gt;\"</span>;\r\n  requestMain += <span style=\"color: #a31515;\">\"            &lt;c:key&gt;EntityId&lt;/c:key&gt;\"</span>;\r\n  requestMain += <span style=\"color: #a31515;\">\"            &lt;c:value i:type=\\\"</span>d:guid\\<span style=\"color: #a31515;\">\" xmlns:d=\\\"</span>http:<span style=\"color: green;\">//schemas.microsoft.com/2003/10/Serialization/\\\"&gt;\" + entityId + \"&lt;/c:value&gt;\";</span>\r\n  requestMain += <span style=\"color: #a31515;\">\"          &lt;/a:KeyValuePairOfstringanyType&gt;\"</span>;\r\n  requestMain += <span style=\"color: #a31515;\">\"          &lt;a:KeyValuePairOfstringanyType&gt;\"</span>;\r\n  requestMain += <span style=\"color: #a31515;\">\"            &lt;c:key&gt;WorkflowId&lt;/c:key&gt;\"</span>;\r\n  requestMain += <span style=\"color: #a31515;\">\"            &lt;c:value i:type=\\\"</span>d:guid\\<span style=\"color: #a31515;\">\" xmlns:d=\\\"</span>http:<span style=\"color: green;\">//schemas.microsoft.com/2003/10/Serialization/\\\"&gt;\" + workflowId + \"&lt;/c:value&gt;\";</span>\r\n  requestMain += <span style=\"color: #a31515;\">\"          &lt;/a:KeyValuePairOfstringanyType&gt;\"</span>;\r\n  requestMain += <span style=\"color: #a31515;\">\"        &lt;/a:Parameters&gt;\"</span>;\r\n  requestMain += <span style=\"color: #a31515;\">\"        &lt;a:RequestId i:nil=\\\"</span><span style=\"color: blue;\">true</span>\\<span style=\"color: #a31515;\">\" /&gt;\"</span>;\r\n  requestMain += <span style=\"color: #a31515;\">\"        &lt;a:RequestName&gt;ExecuteWorkflow&lt;/a:RequestName&gt;\"</span>;\r\n  requestMain += <span style=\"color: #a31515;\">\"      &lt;/request&gt;\"</span>;\r\n\r\n</pre>\r\n</div>\r\n<p>Hope this helps.</p>\r\n<p>Thanks,</p>\r\n<p>Jaimie</p>",
    "PostedDate": "2012-06-26T03:36:47.8-07:00",
    "UserRole": null,
    "MarkedAsAnswerDate": null
  }
]