[
  {
    "Id": "1475734",
    "ThreadId": "655406",
    "Html": "Hello all.   Very, very new to Dynamics.  Our previous CRM admin retired and CRM was thrust upon me.   We have CRM 2016 on-premise and I have admin priveleges to the system.  Simple (if not stupid) question.  How do you add, import, or save the XrmServiceToolkit for use within Dynamics CRM.  I need to use for a function I found online that copies notes from leads to opportunities.<br />\n",
    "PostedDate": "2016-06-10T06:52:15.147-07:00",
    "UserRole": null,
    "MarkedAsAnswerDate": null
  }
]