[
  {
    "Id": "1014023",
    "ThreadId": "436341",
    "Html": "i Love this library, and i'm using it, i thin you are makeging a great job!\r<br />\nWell done!\r<br />\n<br />\nI think that with some changes, this library could work also from outside CRM right? this could be a great solution to develop Windows 8 solutions connected to CRM.\r<br />\n<br />\nwhat do you think about it?\r<br />\n<br />\nregards and keep doing this great job! (and thank you!)<br />\n",
    "PostedDate": "2013-03-12T09:11:29.133-07:00",
    "UserRole": null,
    "MarkedAsAnswerDate": null
  },
  {
    "Id": "1014475",
    "ThreadId": "436341",
    "Html": "Hi there.<br />\n<br />\nthanks very much for the kind words and glad to know you like the library.<br />\n<br />\nIn an intranet environment, I normally do a trick to include PageData.js in my project which could be generated by the tool xrm.pagescriptprojecttemplate from SDK.<br />\n<br />\nThis PageData.js file will have the CRM server URL which could be consumed by the XrmServiceToolkit to develop using Soap service or Rest service. This allows you to <br />\n<ol>\n<li>Develop a website in the internal network to consume CRM data</li>\n<li>\nDebug your CRM web resource solution through your visual studio<br />\n....(much more as you can imagine)<br />\n</li>\n</ol>\nI, however, still have issues when a cross domain issue is related (SSL connection or CRM online, etc)<br />\n<br />\nWould love to hear from you if you have an idea to make the library to support cross domain and apply authentication<br />\n<br />\nHappy Coding,<br />\nJaimie<br />\n",
    "PostedDate": "2013-03-13T03:46:13.12-07:00",
    "UserRole": null,
    "MarkedAsAnswerDate": null
  }
]