[
  {
    "Id": "1449628",
    "ThreadId": "646622",
    "Html": "Hi,\r<br />\n<br />\nI have been working on an Angular version of this awesome toolkit and have posted my current version with a demo application on <a href=\"https://github.com/DeBiese/Angular-XrmServiceToolkit\" rel=\"nofollow\">GitHub</a>.\r<br />\n<br />\nFor more information and some images go <a href=\"https://spikesapps.wordpress.com/2015/10/25/angular-spa-in-dynamics-crm-ngxrmservicetoolkit/\" rel=\"nofollow\">here</a>.\r<br />\n<br />\nI have mentioned that it is a rework of the XrmServiceToolkit, specifically for Angular.\r<br />\n<br />\nI tried reaching out to you guys through a message on codeplex. But got no response yet. So I put my version up today.\r<br />\n<br />\nHope you guys don't mind!<br />\n",
    "PostedDate": "2015-10-25T05:39:31.637-07:00",
    "UserRole": null,
    "MarkedAsAnswerDate": null
  }
]