[
  {
    "Id": "1023949",
    "ThreadId": "438715",
    "Html": "You might want to check your spelling on some of your comments in <strong>XrmServiceToolkit.js.</strong><br />\n",
    "PostedDate": "2013-04-01T14:57:18.813-07:00",
    "UserRole": null,
    "MarkedAsAnswerDate": null
  },
  {
    "Id": "1024116",
    "ThreadId": "438715",
    "Html": "Good idea...though a bit harsh to hear after my uneventful Easter weekend :)<br />\n",
    "PostedDate": "2013-04-02T01:33:31.903-07:00",
    "UserRole": null,
    "MarkedAsAnswerDate": null
  }
]