{
  "WorkItem": {
    "AffectedComponent": {
      "Name": "",
      "DisplayName": ""
    },
    "ClosedComment": "",
    "ClosedDate": null,
    "CommentCount": 0,
    "Custom": null,
    "Description": "Hi. When Use XrmServiceToolkit.Soap.IsCurrentUserRole without SystemAdministrato Permission It Show To Me An Onload Error. \n  Please Help If It Want A Certain Role or access.",
    "LastUpdatedDate": "2016-12-20T04:08:52.95-08:00",
    "PlannedForRelease": "",
    "ReleaseVisibleToPublic": false,
    "Priority": {
      "Name": "Unassigned",
      "Severity": 0,
      "Id": 0
    },
    "ProjectName": "xrmservicetoolkit",
    "ReportedDate": "2016-12-20T04:08:52.95-08:00",
    "Status": {
      "Name": "Proposed",
      "Id": 1
    },
    "ReasonClosed": {
      "Name": "Unassigned"
    },
    "Summary": "Get Current User Security Role Name",
    "Type": {
      "Name": "Unassigned",
      "Id": 5
    },
    "VoteCount": 1,
    "Id": 1892
  },
  "FileAttachments": [],
  "Comments": []
}