{
  "WorkItem": {
    "AffectedComponent": {
      "Name": "",
      "DisplayName": ""
    },
    "ClosedComment": "1.4.0 beta is out",
    "ClosedDate": "2013-01-23T03:01:29.293-08:00",
    "CommentCount": 0,
    "Custom": null,
    "Description": "Hello, I just uploaded the 1.3.1 version and change my XrmServiceToolkit.js resource. But nothing work again event if I added the json2.js resource. Am I missing something ?",
    "LastUpdatedDate": "2013-05-16T04:17:09.943-07:00",
    "PlannedForRelease": "",
    "ReleaseVisibleToPublic": false,
    "Priority": {
      "Name": "Low",
      "Severity": 50,
      "Id": 1
    },
    "ProjectName": "xrmservicetoolkit",
    "ReportedDate": "2012-12-06T03:28:24.443-08:00",
    "Status": {
      "Name": "Closed",
      "Id": 4
    },
    "ReasonClosed": {
      "Name": "Unassigned"
    },
    "Summary": "Moving to version 1.3.1",
    "Type": {
      "Name": "Issue",
      "Id": 3
    },
    "VoteCount": 1,
    "Id": 1109
  },
  "FileAttachments": [
    {
      "FileId": 417,
      "FileName": "MyXrmServiceToolkit.js",
      "DownloadUrl": ".\\417"
    }
  ],
  "Comments": [
    {
      "Message": "As discussed, I am currently in progress to investigate the issue with more test scenarios.\r\n\r\nI will update shortly once it is ready.\r\n\r\nThanks for your submit of the issue and support.\r\n\r\nBest Regards,\nJaimie",
      "PostedDate": "2012-12-12T01:47:03.02-08:00",
      "Id": -2147483648
    },
    {
      "Message": "",
      "PostedDate": "2013-01-11T17:42:24.203-08:00",
      "Id": -2147483648
    },
    {
      "Message": "I have encountered the same issue using UR12. I have finally been able to get it work with cross-browser compatibility. I believe the issue was two-fold:\n1: changed to\nxmlString = (new XMLSerializer()).serializeToString(responseXml);// instead of responseXml[0]\nin var xmlToString = function (responseXml) {...\r\n\r\n2:in deserialize i changed all instances of:\n.baseName to localName\n.text to .textContent\nthe original properties didn't seem to exist when debugging.\r\n\r\nAlex",
      "PostedDate": "2013-01-11T17:42:30.327-08:00",
      "Id": -2147483648
    },
    {
      "Message": "",
      "PostedDate": "2013-01-23T03:01:29.293-08:00",
      "Id": -2147483648
    },
    {
      "Message": "",
      "PostedDate": "2013-02-21T16:56:01.21-08:00",
      "Id": -2147483648
    },
    {
      "Message": "",
      "PostedDate": "2013-05-16T04:17:09.943-07:00",
      "Id": -2147483648
    }
  ]
}