{
  "WorkItem": {
    "AffectedComponent": {
      "Name": "",
      "DisplayName": ""
    },
    "ClosedComment": "Added Comments and Documentation",
    "ClosedDate": "2012-05-24T06:44:05.157-07:00",
    "CommentCount": 0,
    "Custom": null,
    "Description": "Please, specify JSON2 as dependency",
    "LastUpdatedDate": "2013-05-16T04:17:10.85-07:00",
    "PlannedForRelease": "",
    "ReleaseVisibleToPublic": false,
    "Priority": {
      "Name": "Low",
      "Severity": 50,
      "Id": 1
    },
    "ProjectName": "xrmservicetoolkit",
    "ReportedDate": "2012-05-11T03:16:49.193-07:00",
    "Status": {
      "Name": "Closed",
      "Id": 4
    },
    "ReasonClosed": {
      "Name": "Unassigned"
    },
    "Summary": "JSON2 is dependency",
    "Type": {
      "Name": "Issue",
      "Id": 3
    },
    "VoteCount": 1,
    "Id": 771
  },
  "FileAttachments": [],
  "Comments": [
    {
      "Message": "Added in the documentation section. Will update in the library comments later.\r\n\r\nThanks",
      "PostedDate": "2012-05-12T02:57:41.89-07:00",
      "Id": -2147483648
    },
    {
      "Message": "",
      "PostedDate": "2012-05-24T06:44:05.157-07:00",
      "Id": -2147483648
    },
    {
      "Message": "",
      "PostedDate": "2013-02-21T16:56:02.333-08:00",
      "Id": -2147483648
    },
    {
      "Message": "",
      "PostedDate": "2013-05-16T04:17:10.85-07:00",
      "Id": -2147483648
    }
  ]
}