{
  "WorkItem": {
    "AffectedComponent": {
      "Name": "",
      "DisplayName": ""
    },
    "ClosedComment": "",
    "ClosedDate": "2013-05-08T02:05:58.13-07:00",
    "CommentCount": 0,
    "Custom": null,
    "Description": "After installing Rollup 12-13, I get \"Cannot convert the XML string to a cross-browser XML object.\" when callling XrmServiceToolkit.Soap.GetCurrentUserId().",
    "LastUpdatedDate": "2013-05-16T04:17:08.46-07:00",
    "PlannedForRelease": "",
    "ReleaseVisibleToPublic": false,
    "Priority": {
      "Name": "Unassigned",
      "Severity": 0,
      "Id": 0
    },
    "ProjectName": "xrmservicetoolkit",
    "ReportedDate": "2013-04-02T06:57:23.37-07:00",
    "Status": {
      "Name": "Closed",
      "Id": 4
    },
    "ReasonClosed": {
      "Name": "Unassigned"
    },
    "Summary": "getCurrentUserId - Cannot convert the XML string to a cross-browser XML object.",
    "Type": {
      "Name": "Issue",
      "Id": 3
    },
    "VoteCount": 1,
    "Id": 1236
  },
  "FileAttachments": [],
  "Comments": [
    {
      "Message": "Hi There.\r\n\r\nWhich version are you using at the moment? \r\n\r\nJaimie",
      "PostedDate": "2013-04-03T01:20:13.483-07:00",
      "Id": -2147483648
    },
    {
      "Message": "I'm using the latest stable version 1.3.2.  I'll try with 1.4.0.",
      "PostedDate": "2013-04-03T02:01:04.477-07:00",
      "Id": -2147483648
    },
    {
      "Message": "Hi\r\n\r\nSorry, just tried with version 1.4.0 and this now works.\r\n\r\nAndy",
      "PostedDate": "2013-04-03T02:05:55.663-07:00",
      "Id": -2147483648
    },
    {
      "Message": "Also if you are using IE10 with CRM 2011 rollup 11 and previous rollups. You will also need to add the CRM website URL to IE10 compatible view as IE10 is still not fully supported for previous rollups\r\n\r\nJaimie",
      "PostedDate": "2013-04-03T02:06:12.08-07:00",
      "Id": -2147483648
    },
    {
      "Message": "",
      "PostedDate": "2013-05-08T02:05:58.13-07:00",
      "Id": -2147483648
    },
    {
      "Message": "",
      "PostedDate": "2013-05-16T04:17:08.46-07:00",
      "Id": -2147483648
    }
  ]
}