{
  "WorkItem": {
    "AffectedComponent": {
      "Name": "",
      "DisplayName": ""
    },
    "ClosedComment": "",
    "ClosedDate": "2013-09-26T05:46:20.78-07:00",
    "CommentCount": 0,
    "Custom": null,
    "Description": "Hi,\nWhen executing a fetch Xml that contains link-entity, the value returned is not formatted and concatenate entity name, attribute name and actual value.\n\nI updated the method deserialize with the following:\n\n else if (entCv.type == \"boolean\") {\n                                        entCv.value = ($(attr).children().eq(k).children().eq(1).text() == 'false') ? false : true;\n                                    }\n                                        // My Code\n                                    else if (entCv.type == \"AliasedValue\") {\n                                        entCv.value = $(attr).children().eq(k).children().eq(1).children().eq(2).text();\n                                        \n                                        if ($(attr).children().eq(k).children().eq(1).children().eq(2).attr(\"i:type\") == \"a:EntityReference\") {\n                                            entCv = new xrmEntityReference();\n                                            entCv.type = \"EntityReference\";\n                                            entCv.id = $(attr).children().eq(k).children().eq(1).children().eq(2).children().eq(0).text();\n                                            entCv.logicalName = $(attr).children().eq(k).children().eq(1).children().eq(2).children().eq(1).text();\n                                            entCv.name = $(attr).children().eq(k).children().eq(1).children().eq(2).children().eq(2).text();\n                                        }\n                                    }\n\n                                        // End of my code\n                                    else {\n                                        entCv.value = $(attr).children().eq(k).children().eq(1).text();\n                                    }",
    "LastUpdatedDate": "2015-05-06T04:20:40.07-07:00",
    "PlannedForRelease": "",
    "ReleaseVisibleToPublic": false,
    "Priority": {
      "Name": "Low",
      "Severity": 50,
      "Id": 1
    },
    "ProjectName": "xrmservicetoolkit",
    "ReportedDate": "2013-01-15T02:52:11.367-08:00",
    "Status": {
      "Name": "Closed",
      "Id": 4
    },
    "ReasonClosed": {
      "Name": "Unassigned"
    },
    "Summary": "Fetch: Data from linked entites not formatted [Fixed for next release]",
    "Type": {
      "Name": "Issue",
      "Id": 3
    },
    "VoteCount": 1,
    "Id": 1129
  },
  "FileAttachments": [],
  "Comments": [
    {
      "Message": "Hi There.\r\n\r\nThanks for the code. I will have a look and update shortly once the cross browser development settles a bit for Rollup 12. \r\n\r\nBy the way, the code posted is formatted incorrectly :)\nRegards,\nJaimie",
      "PostedDate": "2013-01-23T03:03:37.037-08:00",
      "Id": -2147483648
    },
    {
      "Message": "I know, it is just an extract of my code I added in yours",
      "PostedDate": "2013-01-30T05:55:41.75-08:00",
      "Id": -2147483648
    },
    {
      "Message": "Hi Jaimie,\r\n\r\nHere is my updated code for version 1.4 (this is only the default part of switch in method deserialize\r\n\r\n```\ndefault:\n                                    entCv = new xrmValue();\n                                    entCv.type = sType.replace('c:', '').replace('a:', '');\n                                    if (entCv.type == \"int\") {\n                                        entCv.value = parseInt($(attr.childNodes[k].childNodes[1]).text());\n                                    }\n                                    else if (entCv.type == \"decimal\" || entCv.type == \"double\") {\n                                        entCv.value = parseFloat($(attr.childNodes[k].childNodes[1]).text());\n                                    }\n                                    else if (entCv.type == \"dateTime\") {\n                                        entCv.value = new Date($(attr.childNodes[k].childNodes[1]).text());\n                                    }\n                                    else if (entCv.type == \"boolean\") {\n                                        entCv.value = ($(attr.childNodes[k].childNodes[1]).text() == 'false') ? false : true;\n                                    }\n\t\t\t\t\t\t\t\t\telse if (entCv.type == \"AliasedValue\") {\n                                        entCv.value = $(attr.childNodes[k].childNodes[1].childNodes[2]).text();\n                                        \n                                        if ($(attr.childNodes[k].childNodes[1].childNodes[2]).attr(\"i:type\") == \"a:EntityReference\") {\n                                            entCv = new xrmEntityReference();\n                                            entCv.type = \"EntityReference\";\n                                            entCv.id = $(attr.childNodes[k].childNodes[1].childNodes[2].childNodes[0]).text();\n                                            entCv.logicalName = $(attr.childNodes[k].childNodes[1].childNodes[2].childNodes[1]).text();\n                                            entCv.name = $(attr.childNodes[k].childNodes[1].childNodes[2].childNodes[2]).text();\n                                        }\n                                    }\n                                    else {\n                                        entCv.value = $(attr.childNodes[k].childNodes[1]).text();\n                                    }\n                                    obj[sKey] = entCv;\n                                    break;\n```",
      "PostedDate": "2013-02-04T00:37:22.153-08:00",
      "Id": -2147483648
    },
    {
      "Message": "",
      "PostedDate": "2013-02-15T13:40:49.5-08:00",
      "Id": -2147483648
    },
    {
      "Message": "",
      "PostedDate": "2013-02-15T13:43:25.27-08:00",
      "Id": -2147483648
    },
    {
      "Message": "",
      "PostedDate": "2013-02-21T16:56:01.033-08:00",
      "Id": -2147483648
    },
    {
      "Message": "",
      "PostedDate": "2013-05-16T04:17:09.673-07:00",
      "Id": -2147483648
    },
    {
      "Message": "",
      "PostedDate": "2013-05-16T04:17:09.8-07:00",
      "Id": -2147483648
    },
    {
      "Message": "",
      "PostedDate": "2013-06-14T00:28:40.51-07:00",
      "Id": -2147483648
    },
    {
      "Message": "",
      "PostedDate": "2013-09-26T05:46:20.78-07:00",
      "Id": -2147483648
    },
    {
      "Message": "We are having this issue using v 2.1.\r\n\r\nthe aliased value concatenate in the value.\r\n\r\nAny news on this?\r\n\r\nthanks",
      "PostedDate": "2015-05-06T04:20:40.07-07:00",
      "Id": -2147483648
    }
  ]
}