{
  "WorkItem": {
    "AffectedComponent": {
      "Name": "",
      "DisplayName": ""
    },
    "ClosedComment": "",
    "ClosedDate": "2013-05-08T02:05:47.343-07:00",
    "CommentCount": 0,
    "Custom": null,
    "Description": "I have this error for a week \nI use the last version 1.4. and CRM rollup 12\n\n<error>\n<code>0x8004416f</code>\n<description>The SDK request could not be deserialized.</description>\n<type>Platform</type>\n</error>\n\nthe code\n\nvar xml = \"\" +\n \"<?xml version=\\\"1.0\\\" encoding=\\\"utf-8\\\"?>\" +\n \"<soap:Envelope xmlns:soap=\\\"http://schemas.xmlsoap.org/soap/envelope/\\\" xmlns:xsi=\\\"http://www.w3.org/2001/XMLSchema-instance\\\" xmlns:xsd=\\\"http://www.w3.org/2001/XMLSchema\\\">\" +\n GenerateAuthenticationHeader() +\n \"<soap:Body>\" +\n \"<Execute xmlns=\\\"http://schemas.microsoft.com/crm/2007/WebServices\\\">\" +\n \"<Request xsi:type=\\\"ExecuteWorkflowRequest\\\">\" +\n \"<EntityId>\" + crmForm.ObjectId + \"</EntityId>\" +\n \"<WorkflowId>\" + WorkflowId + \"</WorkflowId>\" + //WorkflowId = guid of the workflow\n \"</Request>\" +\n \"</Execute>\" +\n \"</soap:Body>\" +\n \"</soap:Envelope>\";\n \nvar xmlHttpRequest = new ActiveXObject(\"Msxml2.XMLHTTP\");\n xmlHttpRequest.Open(\"POST\", \"/mscrmservices/2007/CrmService.asmx\", false);\n xmlHttpRequest.setRequestHeader(\"SOAPAction\", \"http://schemas.microsoft.com/crm/2007/WebServices/Execute\");\n xmlHttpRequest.setRequestHeader(\"Content-Type\", \"text/xml; charset=utf-8\");\n xmlHttpRequest.setRequestHeader(\"Content-Length\", xml.length);\n xmlHttpRequest.send(xml);\n var resultXml = xmlHttpRequest.responseXML;",
    "LastUpdatedDate": "2013-05-16T04:17:08.27-07:00",
    "PlannedForRelease": "",
    "ReleaseVisibleToPublic": false,
    "Priority": {
      "Name": "Unassigned",
      "Severity": 0,
      "Id": 0
    },
    "ProjectName": "xrmservicetoolkit",
    "ReportedDate": "2013-04-09T04:00:06.597-07:00",
    "Status": {
      "Name": "Closed",
      "Id": 4
    },
    "ReasonClosed": {
      "Name": "Unassigned"
    },
    "Summary": "error  The SDK request could not be deserialized",
    "Type": {
      "Name": "Issue",
      "Id": 3
    },
    "VoteCount": 1,
    "Id": 1244
  },
  "FileAttachments": [],
  "Comments": [
    {
      "Message": "Hi.\r\n\r\nI am not sure if this is the right place to ask a question for the library. But from your code, it seems you are still using CRM 4 code to run for a CRM 2011 server. \r\n\r\nYou could find some answers in the following link\r\n\r\nhttp://stackoverflow.com/questions/11545895/execute-workflow-from-javascript-in-crm-2011\r\n\r\nJaimie",
      "PostedDate": "2013-04-12T00:51:25.817-07:00",
      "Id": -2147483648
    },
    {
      "Message": "",
      "PostedDate": "2013-05-08T02:05:47.343-07:00",
      "Id": -2147483648
    },
    {
      "Message": "",
      "PostedDate": "2013-05-16T04:17:08.27-07:00",
      "Id": -2147483648
    }
  ]
}