{
  "WorkItem": {
    "AffectedComponent": {
      "Name": "",
      "DisplayName": ""
    },
    "ClosedComment": "Posted for a different tool.",
    "ClosedDate": "2013-01-23T03:01:04.77-08:00",
    "CommentCount": 0,
    "Custom": null,
    "Description": "Hi,\n\nWhen I select to run the application I received the attached error.  I tried the Run as Administrator option and had the same issue.\n\nThanks,",
    "LastUpdatedDate": "2013-05-16T04:17:09.513-07:00",
    "PlannedForRelease": "",
    "ReleaseVisibleToPublic": false,
    "Priority": {
      "Name": "Low",
      "Severity": 50,
      "Id": 1
    },
    "ProjectName": "xrmservicetoolkit",
    "ReportedDate": "2013-01-16T15:42:29.847-08:00",
    "Status": {
      "Name": "Closed",
      "Id": 4
    },
    "ReasonClosed": {
      "Name": "Unassigned"
    },
    "Summary": "Run Error",
    "Type": {
      "Name": "Issue",
      "Id": 3
    },
    "VoteCount": 1,
    "Id": 1132
  },
  "FileAttachments": [
    {
      "FileId": 420,
      "FileName": "XRM Toolbox error.png",
      "DownloadUrl": ".\\420"
    }
  ],
  "Comments": [
    {
      "Message": "Hi.\r\n\r\nYou might posted at a wrong place. ",
      "PostedDate": "2013-01-23T03:00:38.9-08:00",
      "Id": -2147483648
    },
    {
      "Message": "",
      "PostedDate": "2013-01-23T03:01:04.77-08:00",
      "Id": -2147483648
    },
    {
      "Message": "oops, thanks",
      "PostedDate": "2013-01-23T04:44:29.1-08:00",
      "Id": -2147483648
    },
    {
      "Message": "",
      "PostedDate": "2013-02-21T16:56:00.86-08:00",
      "Id": -2147483648
    },
    {
      "Message": "",
      "PostedDate": "2013-05-16T04:17:09.513-07:00",
      "Id": -2147483648
    }
  ]
}