{
  "WorkItem": {
    "AffectedComponent": {
      "Name": "",
      "DisplayName": ""
    },
    "ClosedComment": "problem should be fixed in 1.4.0",
    "ClosedDate": "2013-02-15T13:42:42.557-08:00",
    "CommentCount": 0,
    "Custom": null,
    "Description": "Hi, \n\nIn the method retrieveMultipleRecords , when the parameter async is false, the code just query data but does not return results. I have changed the code in the following way (that is not perfect, I know):\n\n```\n var req = new XMLHttpRequest();\n        req.open(\"GET\", _ODataPath() + type + optionsString, async);\n        req.setRequestHeader(\"Accept\", \"application/json\");\n        req.setRequestHeader(\"Content-Type\", \"application/json; charset=utf-8\");\n        \n        if (async)\n        {\n\t        req.onreadystatechange = function () {\n\t            if (this.readyState == 4 /* complete */) {\n\t                if (this.status == 200) {\n\t                    var returned = JSON.parse(this.responseText, _dateReviver).d;\n\t                    successCallback(returned.results);\n\t                    if (returned.__next != null) {\n\t                        var queryOptions = returned.__next.substring((_ODataPath() + type).length);\n\t                        _retrieveMultipleRecords(type, queryOptions, successCallback, errorCallback, OnComplete);\n\t                    }\n\t                    else {\n\t                        OnComplete();\n\t                    }\n\t                }\n\t                else {\n\t                    errorCallback(_errorHandler(this));\n\t                }\n\t            }\n\t        };\n        }\n        req.send();\n        \n        if (!async)\n        {\n        \treturn JSON.parse(req.responseText, _dateReviver).d.results;\n        }\n```",
    "LastUpdatedDate": "2013-05-16T04:17:09.2-07:00",
    "PlannedForRelease": "XrmServiceToolkit 1.4.0",
    "ReleaseVisibleToPublic": true,
    "Priority": {
      "Name": "Low",
      "Severity": 50,
      "Id": 1
    },
    "ProjectName": "xrmservicetoolkit",
    "ReportedDate": "2013-01-30T06:00:16.97-08:00",
    "Status": {
      "Name": "Closed",
      "Id": 4
    },
    "ReasonClosed": {
      "Name": "Unassigned"
    },
    "Summary": "retrieveMultipleRecords method does not return data in synchronous mode",
    "Type": {
      "Name": "Issue",
      "Id": 3
    },
    "VoteCount": 1,
    "Id": 1138
  },
  "FileAttachments": [],
  "Comments": [
    {
      "Message": "Hi There.\r\n\r\nWhat version are you using at the moment? is this the Rest.RetrieveMultiple method?\r\n\r\nThe code I have tested (1.4.0) has included a fix for the issue.\r\n\r\nGive it a try and let me know if that fixes it. \r\n\r\nJaimie",
      "PostedDate": "2013-01-30T11:55:00.63-08:00",
      "Id": -2147483648
    },
    {
      "Message": "",
      "PostedDate": "2013-02-15T13:41:51.733-08:00",
      "Id": -2147483648
    },
    {
      "Message": "",
      "PostedDate": "2013-02-15T13:42:42.557-08:00",
      "Id": -2147483648
    },
    {
      "Message": "",
      "PostedDate": "2013-02-21T16:56:00.493-08:00",
      "Id": -2147483648
    },
    {
      "Message": "",
      "PostedDate": "2013-05-16T04:17:09.2-07:00",
      "Id": -2147483648
    }
  ]
}