{
  "WorkItem": {
    "AffectedComponent": {
      "Name": "",
      "DisplayName": ""
    },
    "ClosedComment": "",
    "ClosedDate": null,
    "CommentCount": 0,
    "Custom": null,
    "Description": "Unit Test template javascript  for  Visual Studio 2015\nWhere can I find it ?\nOr how to do it ?\n\nAs far I know it is only available on VS 2010 / Vs2012",
    "LastUpdatedDate": "2016-02-17T01:54:07.667-08:00",
    "PlannedForRelease": "",
    "ReleaseVisibleToPublic": false,
    "Priority": {
      "Name": "Unassigned",
      "Severity": 0,
      "Id": 0
    },
    "ProjectName": "xrmservicetoolkit",
    "ReportedDate": "2016-02-17T01:54:07.667-08:00",
    "Status": {
      "Name": "Proposed",
      "Id": 1
    },
    "ReasonClosed": {
      "Name": "Unassigned"
    },
    "Summary": "Unit Test template javascript  for VS 2015",
    "Type": {
      "Name": "Unassigned",
      "Id": 5
    },
    "VoteCount": 1,
    "Id": 1851
  },
  "FileAttachments": [],
  "Comments": []
}