{
  "WorkItem": {
    "AffectedComponent": {
      "Name": "",
      "DisplayName": ""
    },
    "ClosedComment": "",
    "ClosedDate": "2012-08-23T03:15:31.867-07:00",
    "CommentCount": 0,
    "Custom": null,
    "Description": "There is a minor bug in the code get the label for optionset field. This will be patched into the next release.",
    "LastUpdatedDate": "2013-05-16T04:17:10.39-07:00",
    "PlannedForRelease": "",
    "ReleaseVisibleToPublic": false,
    "Priority": {
      "Name": "Low",
      "Severity": 50,
      "Id": 1
    },
    "ProjectName": "xrmservicetoolkit",
    "ReportedDate": "2012-07-25T02:46:18.327-07:00",
    "Status": {
      "Name": "Closed",
      "Id": 4
    },
    "ReasonClosed": {
      "Name": "Unassigned"
    },
    "Summary": "Extension method: JQueryAddLookupCustomFilterView",
    "Type": {
      "Name": "Issue",
      "Id": 3
    },
    "VoteCount": 1,
    "Id": 923
  },
  "FileAttachments": [],
  "Comments": []
}