{
  "WorkItem": {
    "AffectedComponent": {
      "Name": "",
      "DisplayName": ""
    },
    "ClosedComment": "",
    "ClosedDate": "2012-08-29T01:40:04.303-07:00",
    "CommentCount": 0,
    "Custom": null,
    "Description": "Small error:\n            stringParameterCheck(expand, \"XrmServiceToolkit.REST.retrieveRecord requires the expand parameter is a string.\");\n        ///<param name=\"successCallback\" type=\"Function\">\n        /// The function that will be passed through and be called by a successful response.\n        /// This function must accept the returned record as a parameter.\n        /// </param>\n        callbackParameterCheck(successCallback, \"XrmServiceToolkit.REST.retrieveRecord requires the successCallback parameter is a function.\");\n        ///<param name=\"errorCallback\" type=\"Function\">\n        /// The function that will be passed through and be called by a failed response.\n        /// This function must accept an Error object as a parameter.\n        /// </param>",
    "LastUpdatedDate": "2013-05-16T04:17:10.25-07:00",
    "PlannedForRelease": "",
    "ReleaseVisibleToPublic": false,
    "Priority": {
      "Name": "Low",
      "Severity": 50,
      "Id": 1
    },
    "ProjectName": "xrmservicetoolkit",
    "ReportedDate": "2012-08-22T04:06:45.92-07:00",
    "Status": {
      "Name": "Closed",
      "Id": 4
    },
    "ReasonClosed": {
      "Name": "Unassigned"
    },
    "Summary": "XrmServiceToolkit.REST.retrieveRecord documentation error",
    "Type": {
      "Name": "Issue",
      "Id": 3
    },
    "VoteCount": 1,
    "Id": 983
  },
  "FileAttachments": [],
  "Comments": [
    {
      "Message": "What you mean by this?",
      "PostedDate": "2012-08-23T02:54:08.27-07:00",
      "Id": -2147483648
    },
    {
      "Message": "Sorry, I am mistaken. Docs are ok.",
      "PostedDate": "2012-08-23T04:57:31.307-07:00",
      "Id": -2147483648
    },
    {
      "Message": "",
      "PostedDate": "2012-08-29T01:40:04.303-07:00",
      "Id": -2147483648
    },
    {
      "Message": "",
      "PostedDate": "2013-02-21T16:56:01.547-08:00",
      "Id": -2147483648
    },
    {
      "Message": "",
      "PostedDate": "2013-05-16T04:17:10.25-07:00",
      "Id": -2147483648
    }
  ]
}