{
  "WorkItem": {
    "AffectedComponent": {
      "Name": "",
      "DisplayName": ""
    },
    "ClosedComment": "",
    "ClosedDate": "2013-09-26T05:46:10.177-07:00",
    "CommentCount": 0,
    "Custom": null,
    "Description": "The function \"addNotification = function (message, level)\" isn't working anymore after updating Dynamics CRM 2011 with the Rollup 12.",
    "LastUpdatedDate": "2013-09-26T05:46:10.177-07:00",
    "PlannedForRelease": "",
    "ReleaseVisibleToPublic": false,
    "Priority": {
      "Name": "Low",
      "Severity": 50,
      "Id": 1
    },
    "ProjectName": "xrmservicetoolkit",
    "ReportedDate": "2013-02-13T21:19:34.06-08:00",
    "Status": {
      "Name": "Closed",
      "Id": 4
    },
    "ReasonClosed": {
      "Name": "Unassigned"
    },
    "Summary": "addNotification not working after Update Rollup 12 [Fixed for next release]",
    "Type": {
      "Name": "Issue",
      "Id": 3
    },
    "VoteCount": 1,
    "Id": 1150
  },
  "FileAttachments": [],
  "Comments": [
    {
      "Message": "A fix has been implemented and will be included in the next version.\r\n\r\nThanks for the submission.\r\n\r\nJaimie",
      "PostedDate": "2013-02-14T14:48:11.693-08:00",
      "Id": -2147483648
    },
    {
      "Message": "",
      "PostedDate": "2013-02-15T13:43:54.927-08:00",
      "Id": -2147483648
    },
    {
      "Message": "",
      "PostedDate": "2013-02-21T16:56:00.13-08:00",
      "Id": -2147483648
    },
    {
      "Message": "",
      "PostedDate": "2013-05-16T04:17:08.84-07:00",
      "Id": -2147483648
    },
    {
      "Message": "",
      "PostedDate": "2013-05-16T04:17:09.01-07:00",
      "Id": -2147483648
    },
    {
      "Message": "",
      "PostedDate": "2013-06-14T00:28:40.003-07:00",
      "Id": -2147483648
    },
    {
      "Message": "",
      "PostedDate": "2013-09-26T05:46:10.177-07:00",
      "Id": -2147483648
    }
  ]
}