{
  "WorkItem": {
    "AffectedComponent": {
      "Name": "",
      "DisplayName": ""
    },
    "ClosedComment": "",
    "ClosedDate": null,
    "CommentCount": 0,
    "Custom": null,
    "Description": "When we use soap.fetch method to retrieve lookup values, it is not giving correct values.\n\nEx: Name is empty\n     Type contains attribute type instead of entity logical name.\n     Id coming correctly.\n\n\nHas anyone observed this change? it is different from earlier versions.",
    "LastUpdatedDate": "2016-02-10T09:45:06.687-08:00",
    "PlannedForRelease": "XrmServiceToolkit 2.2.1 for CRM 15 online update 1",
    "ReleaseVisibleToPublic": true,
    "Priority": {
      "Name": "Unassigned",
      "Severity": 0,
      "Id": 0
    },
    "ProjectName": "xrmservicetoolkit",
    "ReportedDate": "2015-05-19T22:57:21.887-07:00",
    "Status": {
      "Name": "Proposed",
      "Id": 1
    },
    "ReasonClosed": {
      "Name": "Unassigned"
    },
    "Summary": "Lookup name,id,typename are not coming properly with crm2015 sp1",
    "Type": {
      "Name": "Unassigned",
      "Id": 5
    },
    "VoteCount": 3,
    "Id": 1801
  },
  "FileAttachments": [
    {
      "FileId": 664,
      "FileName": "lookupissue.jpg",
      "DownloadUrl": ".\\664"
    }
  ],
  "Comments": [
    {
      "Message": "Hi There.\r\n\r\nSP1 introduced some changes to SOAP messages and the issue has been reported by another ticket. \r\n\r\nI am currently looking into the issue and try to provide an small update release as soon as possible.\r\n\r\nKind Regards,\nJaimie",
      "PostedDate": "2015-05-21T06:21:34.97-07:00",
      "Id": -2147483648
    },
    {
      "Message": "Please download v2.2.1 for this fix",
      "PostedDate": "2015-05-28T07:44:50.79-07:00",
      "Id": -2147483648
    },
    {
      "Message": "",
      "PostedDate": "2015-09-15T05:42:00.68-07:00",
      "Id": -2147483648
    },
    {
      "Message": "",
      "PostedDate": "2016-02-10T09:41:50.937-08:00",
      "Id": -2147483648
    },
    {
      "Message": "I have not noticed this issue until now. We made the jump to CRM 2016 and this issue presents itself when using SOAP.Retrieve. Has there been a fix introduced yet? ",
      "PostedDate": "2016-02-10T09:43:57.51-08:00",
      "Id": -2147483648
    },
    {
      "Message": "Disregard my last message. I just noticed the 2.2.1 version comment.  Thanks.",
      "PostedDate": "2016-02-10T09:45:06.687-08:00",
      "Id": -2147483648
    }
  ]
}