{
  "WorkItem": {
    "AffectedComponent": {
      "Name": "",
      "DisplayName": ""
    },
    "ClosedComment": "problem should be fixed in 1.4.0",
    "ClosedDate": "2013-02-15T13:42:27.817-08:00",
    "CommentCount": 0,
    "Custom": null,
    "Description": "hi All,\n\ni faced with this error. but in my case, function \nvar xmlToString = function (responseXml) return undefined, because responseXml.xml is undefined\n\nafter this var xmlParser = function (txt) run exception when \nxmlDoc = parser.parseFromString(txt, \"text/xml\");   //try to parse undefined\n\nthe soap request is correct (i retrieved product)\n//soap\n\"product{317D4467-2406-E211-BCE6-00155D4640C0}falsenameproductid\"\n\nthe response text also correct:\n//response text\n\n\"\n  \n    \n      \n        \n          \n            name\n            product1\n          \n          \n            productid\n            317d4467-2406-e211-bce6-00155d4640c0\n          \n        \n        \n        \n          \n            versionnumber\n            1,086,692\n          \n        \n        317d4467-2406-e211-bce6-00155d4640c0\n        product\n        \n      \n    \n  \n\"\n\ni run it on IE 10 Windows 8,\nbut the same problem on the IE 9\n\ncan you help me plz to figureout why responseXml doesnt contain xml attr?",
    "LastUpdatedDate": "2013-05-16T04:17:09.367-07:00",
    "PlannedForRelease": "XrmServiceToolkit 1.4.0",
    "ReleaseVisibleToPublic": true,
    "Priority": {
      "Name": "Low",
      "Severity": 50,
      "Id": 1
    },
    "ProjectName": "xrmservicetoolkit",
    "ReportedDate": "2013-01-22T04:48:08.58-08:00",
    "Status": {
      "Name": "Closed",
      "Id": 4
    },
    "ReasonClosed": {
      "Name": "Unassigned"
    },
    "Summary": "cannot convert the xml string to cross browser xml object",
    "Type": {
      "Name": "Issue",
      "Id": 3
    },
    "VoteCount": 1,
    "Id": 1135
  },
  "FileAttachments": [],
  "Comments": [
    {
      "Message": "same error when running other soap function \nfor example XrmServiceToolkit.Soap.GetCurrentUserId();\r\n\r\nor \r\n\r\nvar request = \"<request i:type='b:WhoAmIRequest' xmlns:a='http://schemas.microsoft.com/xrm/2011/Contracts' xmlns:b='http://schemas.microsoft.com/crm/2011/Contracts'>\" +\n                            \"<a:Parameters xmlns:c='http://schemas.datacontract.org/2004/07/System.Collections.Generic' />\" +\n                            \"<a:RequestId i:nil='true' />\" +\n                            \"<a:RequestName>WhoAmI</a:RequestName>\" +\n                          \"</request>\";\nvar whoAmI = XrmServiceToolkit.Soap.Execute(request);\nvar whoamiUserId = whoAmI.getElementsByTagName(\"a:Results\")[0].childNodes[0].childNodes[1].text;\n",
      "PostedDate": "2013-01-22T04:50:58.987-08:00",
      "Id": -2147483648
    },
    {
      "Message": "Hi There.\r\n\r\nHave a look at version 1.4.0 and let me know if that solved your issue.\r\n\r\nJaimie",
      "PostedDate": "2013-01-23T03:04:10.06-08:00",
      "Id": -2147483648
    },
    {
      "Message": "",
      "PostedDate": "2013-02-15T13:41:21.277-08:00",
      "Id": -2147483648
    },
    {
      "Message": "",
      "PostedDate": "2013-02-15T13:42:14.307-08:00",
      "Id": -2147483648
    },
    {
      "Message": "",
      "PostedDate": "2013-02-15T13:42:27.817-08:00",
      "Id": -2147483648
    },
    {
      "Message": "",
      "PostedDate": "2013-02-21T16:56:00.677-08:00",
      "Id": -2147483648
    },
    {
      "Message": "",
      "PostedDate": "2013-05-16T04:17:09.367-07:00",
      "Id": -2147483648
    }
  ]
}