{
  "WorkItem": {
    "AffectedComponent": {
      "Name": "",
      "DisplayName": ""
    },
    "ClosedComment": "Functions Added. Please report bugs",
    "ClosedDate": "2012-05-24T06:42:48.56-07:00",
    "CommentCount": 0,
    "Custom": null,
    "Description": "To create activity with partylist field, the current version of the library cannot handle the partylist properly. This will be added soon when i have sometime this week or next week. \n \nThanks for all your understanding and support of the library",
    "LastUpdatedDate": "2013-05-16T04:17:10.683-07:00",
    "PlannedForRelease": "",
    "ReleaseVisibleToPublic": false,
    "Priority": {
      "Name": "Low",
      "Severity": 50,
      "Id": 1
    },
    "ProjectName": "xrmservicetoolkit",
    "ReportedDate": "2012-05-12T02:59:30.417-07:00",
    "Status": {
      "Name": "Closed",
      "Id": 4
    },
    "ReasonClosed": {
      "Name": "Unassigned"
    },
    "Summary": "Create Activity with partylist field is not included in the library",
    "Type": {
      "Name": "Issue",
      "Id": 3
    },
    "VoteCount": 2,
    "Id": 772
  },
  "FileAttachments": [],
  "Comments": []
}