{
  "WorkItem": {
    "AffectedComponent": {
      "Name": "",
      "DisplayName": ""
    },
    "ClosedComment": "Code changed",
    "ClosedDate": "2012-11-25T14:18:32.377-08:00",
    "CommentCount": 0,
    "Custom": null,
    "Description": "When you do a RetrieveMultiple and there's >50 results, the _next URL is followed to gather the 2nd and subsequent pages. Unfortunately the 'async' parameter isn't passed into the 2nd & subsequent calls, so they fail - the onComplete() function is never run and you only ever see 50 results.\n\nThis can be fixed by replacing line 807 in retrieveMultipleRecords:\n\nretrieveMultipleRecords(type, queryOptions, successCallback, errorCallback, onComplete);\n\nwith this:\n\nretrieveMultipleRecords(type, queryOptions, successCallback, errorCallback, onComplete, async);\n\nThe last 'async' option is missing.",
    "LastUpdatedDate": "2013-05-16T04:17:10.1-07:00",
    "PlannedForRelease": "",
    "ReleaseVisibleToPublic": false,
    "Priority": {
      "Name": "Low",
      "Severity": 50,
      "Id": 1
    },
    "ProjectName": "xrmservicetoolkit",
    "ReportedDate": "2012-10-22T21:08:27.547-07:00",
    "Status": {
      "Name": "Closed",
      "Id": 4
    },
    "ReasonClosed": {
      "Name": "Unassigned"
    },
    "Summary": "REST.RetrieveMultiple - async parameter not passed to subsequent requests with >50 results",
    "Type": {
      "Name": "Issue",
      "Id": 3
    },
    "VoteCount": 1,
    "Id": 1073
  },
  "FileAttachments": [],
  "Comments": [
    {
      "Message": "Hi There.\r\n\r\nThanks for the submission and details where the error is.\r\n\r\nI will have a look soon at my end. Just caught up by work.\r\n\r\nRegards,\nJaimie",
      "PostedDate": "2012-11-16T00:58:31.537-08:00",
      "Id": -2147483648
    },
    {
      "Message": "",
      "PostedDate": "2012-11-25T14:18:32.377-08:00",
      "Id": -2147483648
    },
    {
      "Message": "",
      "PostedDate": "2013-02-21T16:56:01.38-08:00",
      "Id": -2147483648
    },
    {
      "Message": "",
      "PostedDate": "2013-05-16T04:17:10.1-07:00",
      "Id": -2147483648
    }
  ]
}