[
  {
    "Title": "Home",
    "Id": "1876208",
    "ParentWikiTitle": "Home",
    "FileExtension": "html",
    "UpdatedDate": "2016-07-14T05:35:54.79-07:00",
    "FileAttachments": []
  },
  {
    "Title": "CRM 2013 Support and Development",
    "Id": "928118",
    "ParentWikiTitle": "Home",
    "FileExtension": "codeplexwiki",
    "UpdatedDate": "2014-10-09T03:34:03.82-07:00",
    "FileAttachments": []
  },
  {
    "Title": "Documentation",
    "Id": "852412",
    "ParentWikiTitle": "Documentation",
    "FileExtension": "html",
    "UpdatedDate": "2014-04-21T09:50:15.12-07:00",
    "FileAttachments": [
      {
        "Id": "c40702f9-cbff-47fc-9559-8898c5f2f4f9",
        "FileName": "crm 2011 code validation result.png",
        "DownloadUri": "./852412/c40702f9-cbff-47fc-9559-8898c5f2f4f9"
      },
      {
        "Id": "927d9dee-0181-4917-a309-88752f39161f",
        "FileName": "qunit test result.png",
        "DownloadUri": "./852412/927d9dee-0181-4917-a309-88752f39161f"
      },
      {
        "Id": "968fd764-7769-4f76-8687-d093d219a4a0",
        "FileName": "XrmServiceToolkitTest.zip",
        "DownloadUri": "./852412/968fd764-7769-4f76-8687-d093d219a4a0"
      }
    ]
  },
  {
    "Title": "Soap Functions",
    "Id": "792247",
    "ParentWikiTitle": "Documentation",
    "FileExtension": "html",
    "UpdatedDate": "2013-11-03T12:10:49.963-08:00",
    "FileAttachments": []
  },
  {
    "Title": "Debug / Unit Test CRM 2011 JavaScript Rest/Soap in visual studio for on-premise CRM installation",
    "Id": "711416",
    "ParentWikiTitle": "Documentation",
    "FileExtension": "codeplexwiki",
    "UpdatedDate": "2013-03-28T01:48:48.933-07:00",
    "FileAttachments": [
      {
        "Id": "b1bd6adf-0fdf-4c61-bc63-fc9b56cb3ea6",
        "FileName": "1.gif",
        "DownloadUri": "./711416/b1bd6adf-0fdf-4c61-bc63-fc9b56cb3ea6"
      },
      {
        "Id": "37d8b934-a7a9-4afa-8901-d4daba95d859",
        "FileName": "2.png",
        "DownloadUri": "./711416/37d8b934-a7a9-4afa-8901-d4daba95d859"
      },
      {
        "Id": "c8152dfe-3e0f-4979-b00a-93eb8a0aea4a",
        "FileName": "3.png",
        "DownloadUri": "./711416/c8152dfe-3e0f-4979-b00a-93eb8a0aea4a"
      },
      {
        "Id": "091cc59f-8aae-4950-a008-6e90d307aa0d",
        "FileName": "4.gif",
        "DownloadUri": "./711416/091cc59f-8aae-4950-a008-6e90d307aa0d"
      },
      {
        "Id": "c01b754c-428a-474d-9aad-e69a469cc80b",
        "FileName": "5.png",
        "DownloadUri": "./711416/c01b754c-428a-474d-9aad-e69a469cc80b"
      },
      {
        "Id": "4852bbed-360c-43ec-b9b9-358a22f1a3d3",
        "FileName": "6.png",
        "DownloadUri": "./711416/4852bbed-360c-43ec-b9b9-358a22f1a3d3"
      },
      {
        "Id": "65430126-4920-4a81-a3d5-2e5376ae2e81",
        "FileName": "7.gif",
        "DownloadUri": "./711416/65430126-4920-4a81-a3d5-2e5376ae2e81"
      },
      {
        "Id": "7cd02fdb-569f-40fb-8759-0dc93d880a26",
        "FileName": "8.png",
        "DownloadUri": "./711416/7cd02fdb-569f-40fb-8759-0dc93d880a26"
      },
      {
        "Id": "e2f6d608-c491-4b71-9e8e-29affbfe5390",
        "FileName": "9.gif",
        "DownloadUri": "./711416/e2f6d608-c491-4b71-9e8e-29affbfe5390"
      },
      {
        "Id": "380ed1e2-39e2-4d78-98c2-dc92284bca17",
        "FileName": "10.gif",
        "DownloadUri": "./711416/380ed1e2-39e2-4d78-98c2-dc92284bca17"
      },
      {
        "Id": "2915569f-e460-4ee5-b371-c7a9676ab47e",
        "FileName": "11.gif",
        "DownloadUri": "./711416/2915569f-e460-4ee5-b371-c7a9676ab47e"
      },
      {
        "Id": "ccbff1d5-dde8-4bf5-9a29-d87c4a87dd83",
        "FileName": "12.gif",
        "DownloadUri": "./711416/ccbff1d5-dde8-4bf5-9a29-d87c4a87dd83"
      },
      {
        "Id": "28c509f1-6bc9-4348-8b34-dc8ea73338cd",
        "FileName": "XrmJavaScriptDevelopment.7z",
        "DownloadUri": "./711416/28c509f1-6bc9-4348-8b34-dc8ea73338cd"
      }
    ]
  },
  {
    "Title": "Extension",
    "Id": "682990",
    "ParentWikiTitle": "Documentation",
    "FileExtension": "html",
    "UpdatedDate": "2013-01-25T06:58:46.51-08:00",
    "FileAttachments": [
      {
        "Id": "063593e8-f229-470b-9043-196f836b7595",
        "FileName": "custom filter view.png",
        "DownloadUri": "./682990/063593e8-f229-470b-9043-196f836b7595"
      },
      {
        "Id": "391d4095-ee0b-43ec-af84-b49deacfd92e",
        "FileName": "dependent optionset 1.png",
        "DownloadUri": "./682990/391d4095-ee0b-43ec-af84-b49deacfd92e"
      },
      {
        "Id": "0482419c-40e2-49a6-8940-b74543eaeba7",
        "FileName": "dependent optionset 2.png",
        "DownloadUri": "./682990/0482419c-40e2-49a6-8940-b74543eaeba7"
      },
      {
        "Id": "bd2cddca-efd5-4109-b2bf-d3f2660ea322",
        "FileName": "tooltip.png",
        "DownloadUri": "./682990/bd2cddca-efd5-4109-b2bf-d3f2660ea322"
      }
    ]
  },
  {
    "Title": "CRM Rollup 12 and future development",
    "Id": "681498",
    "ParentWikiTitle": "Documentation",
    "FileExtension": "codeplexwiki",
    "UpdatedDate": "2013-01-22T14:12:46.587-08:00",
    "FileAttachments": []
  },
  {
    "Title": "Rest Functions",
    "Id": "608241",
    "ParentWikiTitle": "Documentation",
    "FileExtension": "html",
    "UpdatedDate": "2012-07-30T05:27:02.6-07:00",
    "FileAttachments": []
  }
]
