﻿<DependentOptionSetConfig>
  <entity name="account">
    <ParentField id="accountcategorycode" label="Category">
      <DependentField id="accountclassificationcode" label="Classification" />
      <Option value="1" label="Preferred Customer">
        <ShowOption value="1" label="VIP" />
        <ShowOption value="2" label="MVP" />
      </Option>
      <Option value="2" label="Standard">
        <ShowOption value="3" label="International Company" />
        <ShowOption value="4" label="National Wide Company" />
        <ShowOption value="5" label="Private Company" />
      </Option>
    </ParentField>
  </entity>
</DependentOptionSetConfig>