[
  {
    "Id": "1207306",
    "ThreadId": "531514",
    "Html": "It's unfortunate that when you use the  XrmSvcToolkit.retrieve method, and get the ID of a record, and then you use the Xrm.Page...   method (see below) and then compare the two GUIDs, they are not the same.\r<br />\n<br />\nOne has curly brackets and the other doesn't.<br />\n\r<br />\nBut even when I add curly brackets to the one that doesn't, it doesn't seem to be the same.  Maybe it's a different type?  Anyway, it's very strange, but makes for a bit more hassle...\r<br />\n<br />\nAny advice?\r<br />\n<br />\nvar Customer = Xrm.Page.getAttribute('customerid').getValue();\r<br />\n var CustomerId = Customer[0].id;<br />\n",
    "PostedDate": "2014-02-12T06:20:24.057-08:00",
    "UserRole": null,
    "MarkedAsAnswerDate": null
  },
  {
    "Id": "1207309",
    "ThreadId": "531514",
    "Html": "There is a utility method in XrmSvcToolkitTest.aspx file which is called compareGuid. You can use this method to compare which should take care of the issue. <br />\n",
    "PostedDate": "2014-02-12T06:22:57.09-08:00",
    "UserRole": null,
    "MarkedAsAnswerDate": null
  },
  {
    "Id": "1207311",
    "ThreadId": "531514",
    "Html": "\r\n<div>\r\n<p><span style=\"font-size:11.0pt; font-family:\">Aha! </span></p>\r\n<p><span style=\"font-size:11.0pt; font-family:\"></span></p>\r\n<p><span style=\"font-size:11.0pt; font-family:\">We will add that to our “Common” library of functions that we include on every entity.</span></p>\r\n<p><span style=\"font-size:11.0pt; font-family:\"></span></p>\r\n<p><span style=\"font-size:11.0pt; font-family:\">Thanks a lot Daniel!</span></p>\r\n<p><span style=\"font-size:11.0pt; font-family:\"></span></p>\r\n<p><span style=\"font-size:11.0pt; font-family:\">Nathan</span></p>\r\n<p><span style=\"font-size:11.0pt; font-family:\"></span></p>\r\n<p><span style=\"font-size:11.0pt; font-family:\"></span></p>\r\n<div>\r\n<div style=\"border:none; border-top:solid #B5C4DF 1.0pt; padding:3.0pt 0cm 0cm 0cm\">\r\n<p><b><span lang=\"EN-US\" style=\"font-size:10.0pt; font-family:\"></span></b></p>\r\n</div>\r\n</div>\r\n</div>\r\n",
    "PostedDate": "2014-02-12T06:31:40.563-08:00",
    "UserRole": null,
    "MarkedAsAnswerDate": null
  }
]