[
  {
    "Id": "822791",
    "ThreadId": "352014",
    "Html": "<p><strong>Hi&nbsp;Daniel,</strong></p>\n<div id=\"gt-res-wrap\">\n<div id=\"gt-res-content\">\n<div dir=\"ltr\"><span id=\"result_box\" lang=\"en\"> <span>I'd love to</span>&nbsp;<span>see the</span>&nbsp;<span>documentation for the</span>&nbsp;functions of&nbsp;<span><strong>XrmSvcToolkit&nbsp;</strong>library.</span>&nbsp;<span>And, of course</span><span>, examples of</span>&nbsp;<span>usage.</span><br /> <span>With best wishes</span>.<br /> <span>FV (</span>craving)</span></div>\n</div>\n<div id=\"gt-res-tools\">\n<div id=\"gt-res-tools-r\">\n<div id=\"gt-res-listen\"><span>&nbsp;</span></div>\n<div id=\"gt-res-rate\">\n<div>\n<div>\n<div>\n<div><span>&nbsp;</span></div>\n</div>\n</div>\n</div>\n</div>\n</div>\n</div>\n</div>",
    "PostedDate": "2012-04-12T01:39:25.453-07:00",
    "UserRole": null,
    "MarkedAsAnswerDate": null
  },
  {
    "Id": "823143",
    "ThreadId": "352014",
    "Html": "<p>Hi FV,&nbsp;</p>\r\n<p>As a matter of fact, MVP follow <a href=\"http://blogs.infinite-x.net/\">Mitch Milam</a> is writing some documentation for the toolkit, I was counting on him.&nbsp;</p>\r\n<p>In the meantime, if you have questions about any particular function, please feel free to ask.&nbsp;</p>\r\n<p>Thanks,</p>\r\n<p>Daniel</p>",
    "PostedDate": "2012-04-12T14:42:43.3-07:00",
    "UserRole": null,
    "MarkedAsAnswerDate": null
  }
]