[
  {
    "Id": "1398566",
    "ThreadId": "616148",
    "Html": "Hi,\r<br />\n<br />\nI've seen XrmSvcToolkit v0.2.1 with various changes compared to v.0.2. ¿Which one is the latest official public release?<br />\n",
    "PostedDate": "2015-04-01T04:06:30.177-07:00",
    "UserRole": null,
    "MarkedAsAnswerDate": null
  },
  {
    "Id": "1399519",
    "ThreadId": "616148",
    "Html": "v0.2.1 would be the most recent version, you can replace the file content from source control system. <br />\n",
    "PostedDate": "2015-04-02T18:16:57.907-07:00",
    "UserRole": null,
    "MarkedAsAnswerDate": null
  }
]