[
  {
    "Id": "352014",
    "Title": "Documentation, examples & Best practices",
    "LatestDate": "2012-04-12T14:42:43.3-07:00"
  },
  {
    "Id": "352021",
    "Title": "Future request for new functions",
    "LatestDate": "2012-04-12T14:52:04.57-07:00"
  },
  {
    "Id": "353809",
    "Title": "Using retrieveMultiple with Related Entities",
    "LatestDate": "2012-12-06T01:36:44.347-08:00"
  },
  {
    "Id": "390055",
    "Title": "Thank you, this is excellent!!!",
    "LatestDate": "2012-11-14T18:34:17.5-08:00"
  },
  {
    "Id": "394172",
    "Title": "FetchXML question",
    "LatestDate": "2013-06-24T04:30:37.957-07:00"
  },
  {
    "Id": "403353",
    "Title": "Retrieve function problem",
    "LatestDate": "2012-11-16T02:52:09.323-08:00"
  },
  {
    "Id": "405500",
    "Title": "Sample Code",
    "LatestDate": "2012-12-04T03:26:38.117-08:00"
  },
  {
    "Id": "429742",
    "Title": "IE10, FireFox",
    "LatestDate": "2013-01-21T22:31:20.317-08:00"
  },
  {
    "Id": "442445",
    "Title": "How do you update a \"money\" field easily like Jamie's xrmservicetoolkit?",
    "LatestDate": "2013-05-03T08:41:26.067-07:00"
  },
  {
    "Id": "445332",
    "Title": "Using in CRM web resource",
    "LatestDate": "2013-05-30T13:12:00.763-07:00"
  },
  {
    "Id": "447589",
    "Title": "How do you set a Lookup field?",
    "LatestDate": "2013-06-22T03:31:31.3-07:00"
  },
  {
    "Id": "447664",
    "Title": "Anyone know why there's a problem with my Fetch query? (Code inside)",
    "LatestDate": "2013-06-20T04:32:45.91-07:00"
  },
  {
    "Id": "447878",
    "Title": "Retrieving a Record based on Two GUIDs",
    "LatestDate": "2013-06-23T19:51:34.273-07:00"
  },
  {
    "Id": "458508",
    "Title": "XrmSvcToolkit for CRM online needs updating",
    "LatestDate": "2013-11-09T07:40:54.917-08:00"
  },
  {
    "Id": "463902",
    "Title": "Can we use Retrieve Single Record Syncronously?",
    "LatestDate": "2013-11-06T02:49:33.677-08:00"
  },
  {
    "Id": "466795",
    "Title": "Weird problem with populating field using a variable (Code inside)",
    "LatestDate": "2013-11-09T10:35:00.687-08:00"
  },
  {
    "Id": "479344",
    "Title": "IE 11 Bug",
    "LatestDate": "2014-02-13T14:10:59.443-08:00"
  },
  {
    "Id": "531514",
    "Title": "Retriving entity ID does't match Xrm.Page.getAttribute('customerid').getValue();",
    "LatestDate": "2014-02-12T06:31:40.563-08:00"
  },
  {
    "Id": "541650",
    "Title": "Degrade in performance after latest rollup",
    "LatestDate": "2014-06-15T06:09:51.87-07:00"
  },
  {
    "Id": "550774",
    "Title": "Set lookup to null value",
    "LatestDate": "2014-07-07T00:54:43.263-07:00"
  },
  {
    "Id": "567726",
    "Title": "Issue with Set State on Queue Item containing Email",
    "LatestDate": "2014-09-17T15:19:20.647-07:00"
  },
  {
    "Id": "581625",
    "Title": "Retrieve Lookup value from related record",
    "LatestDate": "2015-03-05T18:58:59.86-08:00"
  },
  {
    "Id": "584862",
    "Title": "Cannot Import into CRM 2015",
    "LatestDate": "2016-03-16T08:51:19.5-07:00"
  },
  {
    "Id": "614251",
    "Title": "Retrieve value from Currency field",
    "LatestDate": "2015-03-25T13:15:59.453-07:00"
  },
  {
    "Id": "616148",
    "Title": "Last public release?",
    "LatestDate": "2015-04-02T18:16:57.907-07:00"
  },
  {
    "Id": "656042",
    "Title": "Error in CRM 2015 when importing v2.2",
    "LatestDate": "2016-06-30T22:05:40.377-07:00"
  }
]