[
  {
    "Id": "942177",
    "ThreadId": "403353",
    "Html": "\r\n<p>Hi Daniel,</p>\r\n<p>first of: thanks for providing this great library, it has helped me a lot in my development and learning efforts.</p>\r\n<p>&nbsp;</p>\r\n<p>I have found an issue when using the Retrieve function. I have a situation where I need to use an expand/select part of the Odata query.</p>\r\n<p>I am using code based on the&nbsp;XrmSvcToolkitTest.aspx unit test that you provided. The issue I am running into is that when this part of code is about to execute: if(opts.length&gt;0||opts.length&gt;0) - It always evaluates as false - as the opts is not\r\n an array, but an object and does not have a length property(attribute).</p>\r\n<p>&nbsp;</p>\r\n<p>Am I doing something wrong/or is this a known bug?</p>\r\n<p>&nbsp;</p>\r\n<p>Thanks,</p>\r\n<p>Kind Regards,</p>\r\n<p>Peter</p>\r\n",
    "PostedDate": "2012-11-15T08:15:05.1-08:00",
    "UserRole": null,
    "MarkedAsAnswerDate": null
  },
  {
    "Id": "942328",
    "ThreadId": "403353",
    "Html": "\r\n<p>Hi Peter,&nbsp;</p>\r\n<p>Thanks for your message.&nbsp;</p>\r\n<p>That code is a strange one, I am not sure why I was writing something like that. It must be &quot;if (select.length &gt; 0 || expand.length &gt; 0)&quot;. I am running a check, and will post an update once I have further details.&nbsp;</p>\r\n<p>Kind regards,</p>\r\n<p>Daniel Cai</p>\r\n",
    "PostedDate": "2012-11-15T13:29:38.663-08:00",
    "UserRole": null,
    "MarkedAsAnswerDate": null
  },
  {
    "Id": "942501",
    "ThreadId": "403353",
    "Html": "\r\n<p>Hi Peter,&nbsp;</p>\r\n<p>I have checked in the source code that fixes this particular problem.&nbsp;</p>\r\n<p>Thanks for reporting this issue.&nbsp;</p>\r\n<p>Kind regards,</p>\r\n<p>Daniel Cai</p>\r\n",
    "PostedDate": "2012-11-15T21:44:18.467-08:00",
    "UserRole": null,
    "MarkedAsAnswerDate": null
  },
  {
    "Id": "942655",
    "ThreadId": "403353",
    "Html": "\r\n<p>Hi Daniel,</p>\r\n<p>&nbsp;</p>\r\n<p>Thanks for such a quick response and fix. Everything works properly now.</p>\r\n<p>&nbsp;</p>\r\n<p>Kind Regards,</p>\r\n<p>&nbsp;</p>\r\n<p>Peter Malecka</p>\r\n",
    "PostedDate": "2012-11-16T02:52:09.323-08:00",
    "UserRole": null,
    "MarkedAsAnswerDate": null
  }
]