[
  {
    "Id": "987392",
    "ThreadId": "429742",
    "Html": "\r\n<p>Hello,</p>\r\n<p>I'm using Windows 8 within IE10 and when I try to execute a Retrieve I get this: Error: Object doesn't support property or method 'selectSingleNode'.</p>\r\n<p>I tried the same exacly code using Windows 2008 within IE9 and it works.</p>\r\n<p>I tried the same using Firefox and nothing happens. I'm using Firefox because UR12.</p>\r\n<p>&nbsp;</p>\r\n<p>Do you have any information if you code should work for these browsers?</p>\r\n<p>Is there any workaround?</p>\r\n<p>&nbsp;</p>\r\n<p>Your scripts are very good. Congratulations.</p>\r\n<p>Thanks,</p>\r\n<p>Diego</p>\r\n",
    "PostedDate": "2013-01-15T20:56:46.023-08:00",
    "UserRole": null,
    "MarkedAsAnswerDate": null
  },
  {
    "Id": "987397",
    "ThreadId": "429742",
    "Html": "\r\n<p>Currently the script doesn't support cross-browser, we are looking for some cycle to update the script to make it cross-browser compatible. An update will be coming in the next couple of days.&nbsp;</p>\r\n<p>Thanks,</p>\r\n<p>Daniel</p>\r\n",
    "PostedDate": "2013-01-15T21:38:56.307-08:00",
    "UserRole": null,
    "MarkedAsAnswerDate": null
  },
  {
    "Id": "987399",
    "ThreadId": "429742",
    "Html": "\r\n<div>\r\n<p><span style=\"font-size:11.0pt; font-family:\">Daniel,</span></p>\r\n<p><span style=\"font-size:11.0pt; font-family:\"></span></p>\r\n<p><span style=\"font-size:11.0pt; font-family:\">Nice information.</span></p>\r\n<p><span style=\"font-size:11.0pt; font-family:\"></span></p>\r\n<p><span style=\"font-size:11.0pt; font-family:\">I’ll be waiting for.</span></p>\r\n<p><span style=\"font-size:11.0pt; font-family:\"></span></p>\r\n<p><span style=\"font-size:11.0pt; font-family:\">Thanks,</span></p>\r\n<p><span style=\"font-size:11.0pt; font-family:\">Diego Santos</span></p>\r\n<p><span style=\"font-size:11.0pt; font-family:\"></span></p>\r\n<div>\r\n<div style=\"border:none; border-top:solid #B5C4DF 1.0pt; padding:3.0pt 0in 0in 0in\">\r\n<p><b><span style=\"font-size:10.0pt; font-family:\">From:</span></b><span style=\"font-size:10.0pt; font-family:\"> danielcai [email removed]\r\n<br>\r\n<b>Sent:</b> Wednesday, January 16, 2013 3:39 AM<br>\r\n<b>To:</b> Diego Santos<br>\r\n<b>Subject:</b> Re: IE10, FireFox [xrmsvctoolkit:429742]</span></p>\r\n</div>\r\n</div>\r\n<p></p>\r\n<p><span style=\"font-size:9.0pt; font-family:\">From: danielcai</span></p>\r\n<div id=\"ThreadNotificationPostBody\" style=\"margin-bottom:24.0pt\">\r\n<p><span style=\"font-size:9.0pt; font-family:\">Currently the script doesn't support cross-browser, we are looking for some cycle to update the script to make it cross-browser compatible. An update will be coming in the next couple of days.\r\n</span></p>\r\n<p><span style=\"font-size:9.0pt; font-family:\">Thanks,</span></p>\r\n<p><span style=\"font-size:9.0pt; font-family:\">Daniel</span></p>\r\n</div>\r\n</div>\r\n",
    "PostedDate": "2013-01-15T21:40:23.987-08:00",
    "UserRole": null,
    "MarkedAsAnswerDate": null
  },
  {
    "Id": "989953",
    "ThreadId": "429742",
    "Html": "\r\n<p>Hi Diego,&nbsp;</p>\r\n<p>I had some cycle during the weekend to work on this, but hasn't finished yet. Need a bit more time. Will update you when it becomes available.</p>\r\n<p>Thanks for your patience.&nbsp;</p>\r\n<p>Kindest regards,</p>\r\n<p>Daniel Cai</p>\r\n",
    "PostedDate": "2013-01-21T12:38:26.447-08:00",
    "UserRole": null,
    "MarkedAsAnswerDate": null
  },
  {
    "Id": "990114",
    "ThreadId": "429742",
    "Html": "\r\n<p>Hi Diego,&nbsp;</p>\r\n<p>I have just checked in a new version to the source control system. I have tested with IE10, IE10 compatibility view, Firefox, and Chrome. They have worked fine for me. If you can try it out and let me know, it would be appreciated.</p>\r\n<p><span style=\"font-size:10pt\">Kindest regards,</span></p>\r\n<p><span style=\"font-size:10pt\">Daniel Cai&nbsp;</span></p>\r\n",
    "PostedDate": "2013-01-21T22:31:20.317-08:00",
    "UserRole": null,
    "MarkedAsAnswerDate": null
  }
]