[
  {
    "Id": "894860",
    "ThreadId": "390055",
    "Html": "\r\n<p>Hi,</p>\r\n<p>This is a great library. Thanks for putting the effort. The only thing I would like to see is documentation or sample code.</p>\r\n<p>But anyway, amazing!</p>\r\n",
    "PostedDate": "2012-08-02T13:18:55.7-07:00",
    "UserRole": null,
    "MarkedAsAnswerDate": null
  },
  {
    "Id": "941921",
    "ThreadId": "390055",
    "Html": "\r\n<p>Hey, thanks for the kind words! The crew has grown a bit recently and we're working on a roadmap for the next few versions. Documentation is on the list, rest assured!</p>\r\n<p>Cheers<br>\r\nGeorge</p>\r\n",
    "PostedDate": "2012-11-14T18:34:17.5-08:00",
    "UserRole": null,
    "MarkedAsAnswerDate": null
  }
]