{
  "WorkItem": {
    "AffectedComponent": {
      "Name": "",
      "DisplayName": ""
    },
    "ClosedComment": "",
    "ClosedDate": null,
    "CommentCount": 1,
    "Custom": null,
    "Description": "If you are using retrieve, you can specify opts.select & opts.expand but if using retrieveMultiple you can specify opts.odataQuery\r\nWould be good if you could use either method of parameters against both retrieve & retrieveMultiple\r\n",
    "LastUpdatedDate": "2012-12-04T05:54:34.493-08:00",
    "PlannedForRelease": "",
    "ReleaseVisibleToPublic": false,
    "Priority": {
      "Name": "Low",
      "Severity": 50,
      "Id": 1
    },
    "ProjectName": "xrmsvctoolkit",
    "ReportedDate": "2012-12-04T03:42:48.627-08:00",
    "Status": {
      "Name": "Proposed",
      "Id": 1
    },
    "ReasonClosed": {
      "Name": "Unassigned"
    },
    "Summary": "Consistent parameters for retrieve and retrieveMultiple",
    "Type": {
      "Name": "Issue",
      "Id": 3
    },
    "VoteCount": 1,
    "Id": 3
  },
  "FileAttachments": [],
  "Comments": [
    {
      "Message": "Created a pull request: http://xrmsvctoolkit.codeplex.com/SourceControl/network/forks/Peter000000/retrieveMultiple1/contribution/3740",
      "PostedDate": "2012-12-04T05:54:34.493-08:00",
      "Id": 83518
    }
  ]
}