[
  {
    "Id": 2,
    "Title": "Using retrieveMultiple with Related Entities"
  },
  {
    "Id": 3,
    "Title": "Consistent parameters for retrieve and retrieveMultiple"
  },
  {
    "Id": 4,
    "Title": "Leading space dropped"
  },
  {
    "Id": 5,
    "Title": "new c:base64Binary type in CRM 2013"
  },
  {
    "Id": 6,
    "Title": "How to use source code files if i do'nt want to import managed solution in crm 2015 "
  },
  {
    "Id": 7,
    "Title": "parseIsoDate issue"
  }
]