{
  "WorkItem": {
    "AffectedComponent": {
      "Name": "",
      "DisplayName": ""
    },
    "ClosedComment": "",
    "ClosedDate": null,
    "CommentCount": 0,
    "Custom": null,
    "Description": "I want to migrate my solution from crm 2015 to Microsoft Dynamics® CRM Online 2015 Update\r\n(7.1.1.4309) (DB 7.1.1.4309)  then svctoolkit can not be import into this updated CRM online. Can I use these JS files in my web resource? ",
    "LastUpdatedDate": "2015-12-11T02:25:52.52-08:00",
    "PlannedForRelease": "",
    "ReleaseVisibleToPublic": false,
    "Priority": {
      "Name": "Unassigned",
      "Severity": 0,
      "Id": 0
    },
    "ProjectName": "xrmsvctoolkit",
    "ReportedDate": "2015-12-11T02:25:52.52-08:00",
    "Status": {
      "Name": "Proposed",
      "Id": 1
    },
    "ReasonClosed": {
      "Name": "Unassigned"
    },
    "Summary": "How to use source code files if i do'nt want to import managed solution in crm 2015 ",
    "Type": {
      "Name": "Unassigned",
      "Id": 5
    },
    "VoteCount": 1,
    "Id": 6
  },
  "FileAttachments": [],
  "Comments": []
}