[
  {
    "Title": "Roadmap",
    "Id": "703956",
    "ParentWikiTitle": "Documentation",
    "FileExtension": "html",
    "UpdatedDate": "2013-03-11T04:12:07.13-07:00",
    "FileAttachments": []
  },
  {
    "Title": "Documentation",
    "Id": "663347",
    "ParentWikiTitle": "Documentation",
    "FileExtension": "codeplexwiki",
    "UpdatedDate": "2012-12-04T03:37:12.98-08:00",
    "FileAttachments": []
  },
  {
    "Title": "SampleRetrieveBUName",
    "Id": "663346",
    "ParentWikiTitle": "Documentation",
    "FileExtension": "codeplexwiki",
    "UpdatedDate": "2012-12-04T03:36:13.74-08:00",
    "FileAttachments": []
  },
  {
    "Title": "Home",
    "Id": "663336",
    "ParentWikiTitle": "Home",
    "FileExtension": "codeplexwiki",
    "UpdatedDate": "2012-12-04T03:19:20.553-08:00",
    "FileAttachments": [
      {
        "Id": "5ffb01f9-9a94-44b5-bde9-258290e0d8f3",
        "FileName": "KingswaySoft-Logo.png",
        "DownloadUri": "./663336/5ffb01f9-9a94-44b5-bde9-258290e0d8f3"
      }
    ]
  }
]
